Joshua,+7 (906) 282-10-86,3548
Caleb,+7 (937) 806-90-58,62374
Scott,+7 (939) 961-59-55,65929
Sarah,+7 (971) 884-45-90,63725
Katrina,+7 (966) 967-97-46,53136
Jeffery,+7 (939) 594-65-34,91055
Samantha,+7 (960) 208-48-26,28111
Michael,+7 (965) 567-48-30,60677
Christopher,+7 (922) 454-10-96,59594
Anthony,+7 (900) 269-73-93,79967
Ronald,+7 (950) 501-29-58,8451
Jason,+7 (986) 394-35-28,27865
Christina,+7 (920) 964-31-77,19400
Sean,+7 (953) 915-49-42,29752
Ronald,+7 (924) 153-31-72,86666
Jeffery,+7 (969) 114-20-70,52223
Sara,+7 (900) 534-95-61,27504
Patrick,+7 (948) 119-78-99,24227
Cynthia,+7 (927) 876-51-66,83469
Jody,+7 (929) 203-14-36,61534
Jason,+7 (925) 310-14-20,64283
Scott,+7 (914) 985-29-95,15179
Robin,+7 (950) 947-86-12,61646
Kimberly,+7 (993) 183-74-90,92879
Nicholas,+7 (904) 885-14-33,74968
Matthew,+7 (907) 600-37-61,86104
Rhonda,+7 (934) 822-31-28,52538
Michael,+7 (924) 766-33-66,30782
Joseph,+7 (948) 979-45-14,6968
Elizabeth,+7 (920) 749-49-86,3253
Matthew,+7 (965) 227-87-94,75149
April,+7 (992) 493-78-42,82789
Kelly,+7 (944) 259-39-59,58321
Amber,+7 (925) 186-92-19,7028
Frank,+7 (900) 548-66-42,2197
Alex,+7 (948) 462-69-47,37637
Juan,+7 (993) 258-61-34,75058
Patrick,+7 (995) 495-17-17,51776
James,+7 (948) 731-20-87,23847
Brian,+7 (972) 184-57-46,12142
Erik,+7 (967) 847-71-22,89212
Sara,+7 (922) 438-78-84,8733
William,+7 (922) 588-14-53,39022
Sean,+7 (956) 200-96-46,93755
Laura,+7 (985) 627-27-20,21392
Sharon,+7 (989) 772-54-92,91213
Nicholas,+7 (991) 825-78-65,99178
Dakota,+7 (942) 538-21-66,5221
Nicholas,+7 (929) 823-20-28,83987
Heidi,+7 (988) 106-63-54,36703
Randy,+7 (902) 313-51-55,38119
Paul,+7 (926) 732-56-51,52502
Austin,+7 (944) 843-41-83,26373
Bradley,+7 (939) 802-35-50,73672
Karen,+7 (939) 613-45-50,42695
Lori,+7 (935) 873-69-65,84961
Katrina,+7 (986) 474-87-66,91122
Anne,+7 (983) 318-14-49,79973
Kimberly,+7 (991) 565-47-82,47274
John,+7 (979) 474-44-81,45159
Adrian,+7 (918) 373-97-86,62147
David,+7 (931) 657-90-97,6080
Sean,+7 (905) 669-30-44,8803
Kenneth,+7 (913) 845-91-46,22494
Mark,+7 (942) 191-85-75,52718
Susan,+7 (905) 766-92-13,62016
Frances,+7 (987) 829-85-16,48094
Kelly,+7 (909) 632-31-54,30054
Christopher,+7 (987) 843-16-37,87287
Mark,+7 (919) 661-27-86,81967
Alexander,+7 (993) 252-63-47,13073
Wanda,+7 (983) 190-65-87,26194
Kenneth,+7 (933) 501-17-13,76757
Brandy,+7 (941) 947-27-75,44773
Natalie,+7 (945) 619-19-17,37136
Kelli,+7 (966) 228-28-90,17192
Jonathan,+7 (906) 395-67-79,68695
Dustin,+7 (967) 831-96-45,32203
Tammy,+7 (956) 377-40-55,17810
Kimberly,+7 (976) 941-88-75,28347
Michael,+7 (948) 660-90-88,676
Gregory,+7 (930) 953-35-60,39802
Matthew,+7 (902) 853-78-82,99080
Vanessa,+7 (959) 986-50-48,69790
Jennifer,+7 (972) 248-94-19,26390
Mary,+7 (902) 105-63-48,27829
Barbara,+7 (983) 686-27-62,89676
Shawn,+7 (905) 248-82-25,77883
Vicki,+7 (914) 768-85-70,96406
Angela,+7 (976) 191-28-20,13330
Michele,+7 (900) 811-49-30,554
Cassie,+7 (985) 635-53-69,93368
Melissa,+7 (941) 437-99-38,41596
Cory,+7 (911) 742-17-54,52811
Jonathon,+7 (905) 965-12-21,87340
Brett,+7 (939) 441-75-56,39084
Leah,+7 (916) 129-86-40,77940
Blake,+7 (904) 950-77-40,33936
Jacob,+7 (954) 865-28-51,33999
Heather,+7 (930) 304-72-92,28703
Emily,+7 (912) 121-29-36,39793
Tamara,+7 (930) 437-77-83,90435
Jessica,+7 (959) 832-18-90,42731
Mckenzie,+7 (982) 873-70-24,2551
Erik,+7 (909) 726-89-36,89347
Lisa,+7 (990) 130-28-34,68490
Johnny,+7 (950) 311-91-71,2696
Megan,+7 (993) 638-69-84,86935
Jason,+7 (990) 292-70-50,37830
Lisa,+7 (964) 232-33-24,66794
Nicholas,+7 (955) 781-10-74,6450
Marissa,+7 (970) 346-20-88,49560
Albert,+7 (975) 984-17-28,31603
Monica,+7 (988) 347-58-34,82336
Anita,+7 (978) 745-98-51,54217
Sylvia,+7 (914) 477-36-78,86661
Bruce,+7 (941) 991-92-26,35831
Victoria,+7 (963) 644-21-49,23962
Megan,+7 (992) 768-89-45,14289
Jason,+7 (988) 722-91-60,63081
Russell,+7 (965) 725-64-54,25246
Richard,+7 (926) 283-49-13,47623
Karen,+7 (996) 919-34-61,90305
Samuel,+7 (916) 588-57-10,33252
Brittany,+7 (900) 902-98-97,17973
Gregory,+7 (971) 188-63-81,20570
Daniel,+7 (912) 282-53-14,39795
Ashley,+7 (974) 157-44-11,55259
Sara,+7 (963) 566-59-14,59656
Jerry,+7 (981) 711-89-11,31763
Sarah,+7 (959) 407-82-17,70929
Richard,+7 (926) 735-43-63,37452
Jessica,+7 (964) 663-49-10,73942
Julia,+7 (955) 664-54-16,67486
Bryan,+7 (953) 861-78-32,52332
Lawrence,+7 (901) 318-70-78,84812
Colleen,+7 (979) 655-88-12,52723
Kevin,+7 (929) 659-73-21,59510
Benjamin,+7 (953) 449-27-35,77885
Tabitha,+7 (981) 643-55-53,21144
Jacob,+7 (959) 796-96-49,34893
Brandon,+7 (992) 110-19-68,90663
Jonathan,+7 (918) 297-17-99,32046
Carlos,+7 (969) 918-56-25,85321
Melissa,+7 (965) 697-52-38,15569
Tom,+7 (944) 863-55-99,22236
Brian,+7 (979) 994-27-92,56207
Tyler,+7 (981) 458-16-25,82310
Douglas,+7 (921) 496-44-57,38967
Kimberly,+7 (968) 656-73-54,57453
Nicholas,+7 (995) 678-76-35,8394
Chad,+7 (992) 509-55-94,41580
Brian,+7 (959) 836-16-91,14835
Benjamin,+7 (922) 132-73-71,37577
Charles,+7 (972) 277-31-41,63384
Benjamin,+7 (948) 993-33-81,90953
David,+7 (989) 736-44-79,88815
Jessica,+7 (935) 111-49-29,26773
Carla,+7 (934) 321-26-97,77918
Tracy,+7 (967) 692-27-70,72084
Scott,+7 (936) 233-91-78,22568
Ryan,+7 (991) 754-49-63,61892
Zachary,+7 (966) 797-23-96,52896
Aaron,+7 (950) 787-65-76,95074
Lance,+7 (988) 145-86-44,2787
Todd,+7 (960) 495-63-74,32140
Donna,+7 (948) 367-18-70,86014
Nathan,+7 (955) 453-24-38,76134
Joseph,+7 (926) 279-69-63,2574
Jeffery,+7 (905) 652-77-73,8461
Theresa,+7 (992) 479-29-50,56449
Anna,+7 (988) 954-50-28,53008
Manuel,+7 (968) 820-51-45,76538
Jonathan,+7 (983) 831-80-66,71640
Rickey,+7 (910) 733-64-17,49742
Kathleen,+7 (904) 122-97-87,78664
Johnathan,+7 (929) 835-33-64,10529
Becky,+7 (912) 354-36-97,47993
Victoria,+7 (902) 471-25-79,70992
Rachel,+7 (948) 952-68-14,3485
Danielle,+7 (985) 318-92-94,89928
Matthew,+7 (936) 470-26-31,1265
Steven,+7 (933) 909-72-33,16546
Jaime,+7 (914) 161-64-32,7440
Michelle,+7 (957) 696-53-15,26981
Paul,+7 (969) 408-69-54,76124
Michael,+7 (992) 642-34-90,61622
William,+7 (974) 705-67-44,12093
Daniel,+7 (907) 983-34-50,45995
David,+7 (982) 558-90-19,17981
Victoria,+7 (953) 440-16-14,63270
Mary,+7 (959) 365-74-71,69289
Brandon,+7 (910) 619-53-57,13229
Andrew,+7 (905) 884-78-55,93318
Ashley,+7 (909) 299-43-11,61857
Kathleen,+7 (978) 279-17-21,27477
Renee,+7 (901) 675-85-25,84120
Kenneth,+7 (994) 253-44-25,34790
Wendy,+7 (979) 268-20-74,54310
Sara,+7 (912) 368-52-21,54794
Juan,+7 (933) 954-59-17,55983
Andrew,+7 (939) 102-94-11,61451
Eugene,+7 (978) 252-61-93,63460
Blake,+7 (996) 554-41-38,24089
Justin,+7 (926) 938-27-46,82231
Patricia,+7 (994) 561-45-69,22611
Ashley,+7 (931) 938-58-24,75906
Tiffany,+7 (901) 646-63-76,41425
Jacob,+7 (975) 761-18-61,18420
Lonnie,+7 (996) 975-36-65,88480
Scott,+7 (930) 153-92-86,53890
Brian,+7 (942) 609-82-40,82032
Amanda,+7 (978) 641-43-41,28154
Zachary,+7 (973) 452-69-21,19469
Judith,+7 (934) 200-61-54,6020
Regina,+7 (932) 498-59-97,49212
Kelly,+7 (986) 384-21-79,93574
Joshua,+7 (968) 364-50-70,80996
Brittany,+7 (917) 978-98-63,2367
Joshua,+7 (985) 190-73-37,40739
Alexandra,+7 (957) 344-44-30,82329
Lori,+7 (907) 667-52-72,82520
Monica,+7 (962) 648-37-90,78442
Paul,+7 (926) 465-68-94,90980
Eric,+7 (966) 208-57-36,66763
Shelby,+7 (914) 526-64-88,88849
Tammy,+7 (944) 765-31-93,79422
Sierra,+7 (994) 832-24-41,57398
Jessica,+7 (929) 680-43-52,45977
Erica,+7 (914) 884-74-95,8462
Jeffrey,+7 (968) 782-42-42,52891
Scott,+7 (966) 883-67-34,82592
Arthur,+7 (981) 145-83-93,25106
Victor,+7 (901) 590-15-88,79799
Natalie,+7 (956) 922-78-78,75347
Laura,+7 (905) 952-11-92,77037
James,+7 (949) 434-78-62,27461
Jon,+7 (902) 663-24-51,47409
Roger,+7 (919) 934-10-15,7646
John,+7 (901) 106-46-17,64502
Anthony,+7 (954) 464-80-78,47368
Keith,+7 (937) 216-69-44,20819
Barry,+7 (931) 915-28-96,14803
Laura,+7 (979) 364-10-57,42111
Amy,+7 (959) 512-62-86,38825
Keith,+7 (915) 503-33-44,42486
Breanna,+7 (948) 717-42-29,3695
Karen,+7 (932) 380-45-99,77087
Justin,+7 (987) 434-95-73,74290
Randy,+7 (944) 126-59-97,73510
Brandy,+7 (934) 219-83-96,87244
Jacob,+7 (919) 212-85-78,233
Tara,+7 (918) 176-96-21,41403
Kevin,+7 (975) 912-70-93,87045
Caitlin,+7 (964) 916-46-89,5421
Joshua,+7 (973) 780-98-51,97202
Angela,+7 (978) 511-43-32,21878
Linda,+7 (925) 351-20-58,93189
Melissa,+7 (996) 307-63-30,18904
Sheila,+7 (960) 360-77-35,37592
Kimberly,+7 (906) 238-24-98,85032
Cynthia,+7 (978) 548-17-15,34328
Sandra,+7 (986) 989-17-41,86169
Linda,+7 (912) 915-68-36,7320
Kristen,+7 (939) 519-63-36,557
Regina,+7 (981) 325-31-88,4353
Scott,+7 (941) 974-20-16,57823
Brian,+7 (917) 410-80-51,5976
Randall,+7 (996) 289-27-31,42729
Maria,+7 (980) 741-21-51,21181
Gwendolyn,+7 (953) 716-84-36,78430
Susan,+7 (964) 662-28-35,4073
Isaiah,+7 (967) 775-85-74,17500
Cassidy,+7 (938) 279-82-59,69013
Laura,+7 (976) 766-80-27,13248
Andrew,+7 (929) 236-10-45,4787
Gary,+7 (928) 392-33-69,28396
Victor,+7 (941) 262-58-70,37135
Linda,+7 (933) 946-75-11,32114
Andrew,+7 (906) 982-63-21,50645
Jeffery,+7 (922) 567-54-64,40462
Randy,+7 (906) 801-72-28,54939
Jared,+7 (905) 946-88-66,69040
Kimberly,+7 (968) 860-33-21,21505
Paul,+7 (955) 606-81-13,93776
Patrick,+7 (939) 373-16-87,77178
Michael,+7 (997) 836-80-45,94913
Austin,+7 (971) 477-57-80,90627
Emily,+7 (907) 856-61-42,54223
Diana,+7 (975) 616-38-53,15981
Justin,+7 (927) 844-56-38,78744
Debbie,+7 (918) 702-99-71,39253
Carl,+7 (928) 814-67-56,80775
Cristina,+7 (948) 264-28-96,10525
Denise,+7 (967) 182-72-28,57402
Christopher,+7 (952) 664-23-81,22329
Zachary,+7 (908) 212-48-63,12705
Jasmine,+7 (982) 845-70-23,90398
Victor,+7 (973) 639-54-25,61221
Amanda,+7 (918) 528-17-47,16698
Kimberly,+7 (945) 232-39-89,59950
Lorraine,+7 (922) 484-55-18,21799
Karen,+7 (906) 417-70-48,25681
Kimberly,+7 (956) 174-73-42,49349
Jessica,+7 (927) 271-23-15,40755
Benjamin,+7 (914) 198-13-53,44625
Elizabeth,+7 (996) 128-49-76,26816
Martin,+7 (950) 336-48-81,66747
Linda,+7 (955) 541-36-39,68422
Tiffany,+7 (943) 121-62-53,38737
Adam,+7 (910) 903-14-97,22612
Heather,+7 (952) 854-34-13,16217
Carla,+7 (962) 298-51-10,71458
Marie,+7 (960) 965-22-84,91463
Brittany,+7 (978) 757-56-49,73474
Lindsey,+7 (928) 276-26-40,75105
Patricia,+7 (962) 170-94-75,54128
Brian,+7 (979) 677-46-65,96809
Victor,+7 (997) 960-28-65,18676
Johnny,+7 (925) 497-95-26,20726
Miranda,+7 (905) 182-36-30,26467
Alyssa,+7 (927) 510-70-44,97010
Ann,+7 (999) 526-10-99,24824
William,+7 (943) 660-92-54,27796
Joseph,+7 (932) 403-13-23,60549
Jennifer,+7 (990) 613-80-51,10020
Timothy,+7 (992) 431-50-17,55139
Julia,+7 (992) 263-72-55,1885
Eric,+7 (918) 113-87-70,79456
John,+7 (952) 857-32-84,93312
Latoya,+7 (933) 712-37-65,34911
James,+7 (976) 326-76-37,5582
Andrew,+7 (954) 414-73-93,16630
Rebecca,+7 (918) 106-33-19,9390
Samuel,+7 (959) 287-82-23,95270
Bailey,+7 (989) 508-37-33,4746
Melissa,+7 (934) 830-55-32,2424
Michelle,+7 (973) 355-64-11,45042
Denise,+7 (931) 900-69-28,21160
Theresa,+7 (999) 550-29-23,63287
Jose,+7 (965) 396-37-88,57744
Kyle,+7 (960) 700-63-28,41542
Rodney,+7 (924) 265-61-73,74389
Jordan,+7 (924) 327-50-27,19587
Timothy,+7 (988) 544-76-53,8684
Daniel,+7 (978) 328-21-44,14430
Thomas,+7 (947) 513-98-95,88640
Michael,+7 (907) 508-82-17,38927
Steven,+7 (946) 364-63-98,40728
Brianna,+7 (989) 454-82-18,16271
Duane,+7 (921) 642-18-44,14868
Joshua,+7 (976) 380-78-25,17145
Allison,+7 (968) 519-60-54,68135
Daniel,+7 (913) 348-54-24,13780
Megan,+7 (938) 718-70-18,78256
Michelle,+7 (937) 933-79-31,29043
David,+7 (954) 153-95-21,18236
Blake,+7 (904) 980-33-64,15519
Tiffany,+7 (970) 297-37-57,81863
Kathleen,+7 (986) 765-45-92,67049
Benjamin,+7 (920) 876-97-41,2359
Michael,+7 (933) 245-17-72,30212
Keith,+7 (998) 296-95-51,47229
Scott,+7 (980) 497-86-39,23549
Allison,+7 (987) 384-11-56,21663
Karen,+7 (954) 338-30-99,53686
Anna,+7 (907) 561-39-83,33395
Monica,+7 (948) 918-99-14,7573
Laura,+7 (946) 564-43-93,37073
Kyle,+7 (962) 223-81-66,84056
Veronica,+7 (924) 650-90-72,29956
Christopher,+7 (958) 154-99-24,28284
Michelle,+7 (968) 963-66-57,4899
Sherry,+7 (975) 690-65-33,92116
Ashley,+7 (997) 550-65-12,26765
Johnny,+7 (925) 306-11-10,66009
Shannon,+7 (994) 472-97-99,24325
Christopher,+7 (930) 194-73-11,30503
Jennifer,+7 (946) 773-21-60,80214
David,+7 (934) 244-60-65,30448
Jennifer,+7 (917) 374-50-53,1166
Benjamin,+7 (938) 201-35-51,6704
Megan,+7 (909) 640-63-83,9761
Eric,+7 (964) 450-60-43,44601
Patrick,+7 (905) 216-62-65,31976
Christopher,+7 (936) 691-33-99,48117
Sabrina,+7 (994) 247-42-75,18078
Jennifer,+7 (974) 963-89-66,7274
Andrea,+7 (985) 968-46-32,8816
Kylie,+7 (954) 802-71-94,31321
Juan,+7 (930) 809-51-27,83131
Jordan,+7 (952) 347-75-29,46175
Jessica,+7 (915) 503-78-55,59634
Anna,+7 (913) 552-18-58,49547
Roger,+7 (988) 837-81-34,98865
Nicholas,+7 (928) 881-82-59,85350
James,+7 (996) 146-13-27,34718
Anita,+7 (987) 571-22-89,57804
Tanya,+7 (986) 728-55-30,56109
Michelle,+7 (901) 588-67-76,1021
Laura,+7 (985) 424-65-83,67884
Sherri,+7 (950) 360-98-16,11702
Madeline,+7 (914) 906-51-32,82701
Matthew,+7 (979) 668-34-22,97509
Gary,+7 (988) 198-86-25,59199
Joshua,+7 (975) 323-32-41,98258
Jessica,+7 (953) 172-65-38,40499
Kim,+7 (931) 255-93-46,84546
Antonio,+7 (922) 312-46-43,36591
Elizabeth,+7 (978) 762-54-70,52333
Jeffrey,+7 (986) 710-82-86,49337
Jennifer,+7 (915) 185-90-90,24646
Sharon,+7 (949) 394-66-13,33775
John,+7 (931) 478-30-60,73199
John,+7 (940) 969-85-93,36538
Betty,+7 (999) 413-81-33,65059
Cynthia,+7 (931) 918-11-42,35107
Sarah,+7 (964) 414-21-59,53882
Timothy,+7 (963) 720-82-53,65305
Amy,+7 (977) 922-21-59,18637
Marcia,+7 (987) 801-39-84,50776
Beth,+7 (996) 216-40-67,23429
Matthew,+7 (995) 244-60-70,72269
Jeffrey,+7 (929) 826-60-89,91760
Corey,+7 (952) 729-72-73,84604
Charles,+7 (936) 540-39-89,67740
Michael,+7 (918) 380-17-47,83805
Roberto,+7 (999) 183-60-56,36805
Kendra,+7 (923) 920-13-95,13925
Benjamin,+7 (931) 419-33-31,18466
Melissa,+7 (978) 528-50-97,54495
Rebecca,+7 (922) 471-50-87,27964
Trevor,+7 (970) 488-16-68,94383
Lisa,+7 (959) 802-43-76,79662
Jesus,+7 (918) 584-10-40,74149
Dawn,+7 (985) 510-57-80,96423
Cynthia,+7 (939) 920-58-50,36295
Nicholas,+7 (930) 241-69-24,56498
Jennifer,+7 (993) 593-20-40,27853
Charles,+7 (942) 861-21-43,15777
Paul,+7 (907) 502-55-56,43726
Nicholas,+7 (926) 975-45-47,66638
Benjamin,+7 (917) 199-51-77,73391
Keith,+7 (936) 596-93-70,46630
Andrew,+7 (955) 513-48-24,87532
Brian,+7 (954) 209-76-42,80618
Angela,+7 (932) 981-43-30,51862
Steven,+7 (989) 980-98-91,89793
Kimberly,+7 (973) 835-54-41,45260
Kevin,+7 (983) 622-97-42,20306
John,+7 (971) 518-80-68,5677
Kayla,+7 (985) 255-68-72,12442
Jennifer,+7 (940) 606-34-46,190
Mark,+7 (947) 111-63-60,33601
Jacqueline,+7 (914) 412-76-57,53036
Margaret,+7 (987) 402-16-49,85549
Christopher,+7 (958) 114-91-10,31507
Ricky,+7 (906) 129-82-79,55532
Alicia,+7 (908) 583-20-26,54762
Karen,+7 (923) 196-70-64,11369
Scott,+7 (951) 575-79-21,56666
Michael,+7 (932) 241-31-63,4369
Darren,+7 (978) 934-29-91,69318
Roger,+7 (988) 524-72-32,26211
Paige,+7 (985) 751-98-24,6075
Melissa,+7 (940) 122-63-34,34116
Robert,+7 (937) 577-52-75,24042
Patricia,+7 (985) 158-36-69,71263
Amy,+7 (919) 284-75-37,5715
Michael,+7 (959) 921-41-40,35339
Robert,+7 (970) 938-63-19,65552
Alexis,+7 (917) 225-29-89,76442
Mike,+7 (954) 318-50-34,25438
Maureen,+7 (992) 793-25-86,61743
Taylor,+7 (951) 989-57-51,6348
Jonathan,+7 (971) 522-25-62,16561
Nathan,+7 (910) 362-94-18,92012
Lauren,+7 (978) 587-23-84,92414
Teresa,+7 (952) 374-66-77,22283
Stacey,+7 (912) 817-32-96,35405
Terrance,+7 (958) 594-28-37,99263
Alyssa,+7 (972) 613-26-39,85090
Rachel,+7 (957) 269-30-99,90554
Jill,+7 (915) 628-49-50,40762
Erik,+7 (991) 575-81-36,87141
Scott,+7 (906) 195-78-50,38209
Sharon,+7 (980) 545-28-19,60088
Sharon,+7 (978) 711-73-11,7699
Chris,+7 (963) 230-63-26,670
Daniel,+7 (975) 554-79-95,14582
Martha,+7 (953) 990-92-79,55654
Robert,+7 (996) 759-14-32,24380
Andrew,+7 (950) 429-48-72,66800
Bruce,+7 (960) 933-87-22,83885
Jonathan,+7 (996) 146-43-88,11180
Rachel,+7 (958) 340-64-21,97710
Ryan,+7 (966) 821-65-29,67719
Daniel,+7 (967) 271-99-78,34073
Steven,+7 (952) 141-16-34,92378
Dawn,+7 (987) 331-75-41,72493
Nicholas,+7 (975) 666-73-65,41820
Brandy,+7 (907) 965-31-45,99169
Tony,+7 (924) 474-43-26,52085
Aaron,+7 (910) 944-36-29,29489
Nancy,+7 (933) 346-79-32,27069
Troy,+7 (923) 969-27-36,14609
Jessica,+7 (927) 913-86-54,54328
Seth,+7 (948) 897-39-88,18223
John,+7 (929) 776-90-91,41086
Luke,+7 (962) 228-31-54,31293
Eric,+7 (951) 974-43-76,40102
Megan,+7 (992) 969-24-94,75762
Vicki,+7 (931) 947-86-76,8109
Kelsey,+7 (918) 798-74-85,57264
Katherine,+7 (983) 841-15-90,78901
Drew,+7 (908) 441-33-25,67763
Bradley,+7 (981) 333-96-36,2202
Lisa,+7 (914) 529-14-74,74877
Mary,+7 (954) 863-68-96,10411
Nathan,+7 (933) 624-90-17,30562
Timothy,+7 (970) 111-80-95,84760
Victor,+7 (965) 208-91-52,89305
Sarah,+7 (972) 834-80-95,40087
Christine,+7 (901) 944-66-82,91985
Jesse,+7 (904) 181-32-44,42330
Jamie,+7 (941) 380-42-58,85392
Paige,+7 (937) 588-47-68,66873
Melissa,+7 (901) 407-37-10,79778
Jon,+7 (931) 442-57-91,14544
Christy,+7 (937) 216-18-68,83110
Daniel,+7 (953) 744-23-66,41035
John,+7 (938) 649-55-54,96823
Rebecca,+7 (994) 447-88-17,7062
Benjamin,+7 (944) 721-16-95,12581
Jenna,+7 (940) 809-74-33,42911
Megan,+7 (914) 316-20-61,29440
Samantha,+7 (938) 189-61-60,86835
James,+7 (912) 684-43-57,40818
Dana,+7 (918) 591-57-15,91612
Christina,+7 (906) 805-28-86,70722
Mary,+7 (919) 342-13-10,99713
Melissa,+7 (981) 836-31-92,4475
Dylan,+7 (924) 810-81-40,81947
Lisa,+7 (944) 323-37-79,53474
Kayla,+7 (993) 251-68-52,56780
Colton,+7 (918) 508-98-89,56738
Thomas,+7 (909) 859-77-64,52570
David,+7 (928) 527-69-82,56352
Cynthia,+7 (985) 829-23-53,58338
Janet,+7 (995) 345-76-10,67528
Joseph,+7 (906) 811-23-90,94985
Victor,+7 (956) 470-46-27,48138
Brett,+7 (964) 579-87-58,17817
Jon,+7 (956) 708-91-61,84257
George,+7 (965) 589-32-50,75995
Stephanie,+7 (911) 872-54-53,95993
Tara,+7 (971) 458-49-36,24500
Jessica,+7 (950) 519-25-44,40920
Kelly,+7 (935) 218-96-25,89442
Kevin,+7 (900) 222-85-76,47050
Robert,+7 (955) 415-79-26,93782
Cody,+7 (976) 599-13-45,34932
Mark,+7 (953) 687-94-67,60365
Amanda,+7 (964) 472-75-65,49951
Rhonda,+7 (945) 444-63-18,82588
Mary,+7 (985) 873-37-18,8023
Deborah,+7 (952) 991-30-11,99607
Jeffery,+7 (950) 638-89-76,41511
Charles,+7 (955) 326-55-15,61378
Diana,+7 (927) 270-44-85,81364
Clifford,+7 (996) 648-67-66,31015
Ashley,+7 (980) 890-19-79,75968
Vanessa,+7 (978) 563-40-79,92333
Brittany,+7 (957) 853-33-91,34837
Julie,+7 (999) 137-93-57,85779
Jennifer,+7 (980) 714-17-54,90019
Amy,+7 (958) 519-21-74,40042
Amanda,+7 (902) 375-15-63,32693
Mitchell,+7 (979) 960-10-97,23794
Nancy,+7 (992) 562-34-13,66932
David,+7 (926) 158-40-75,51909
Joseph,+7 (965) 133-16-97,72470
Phillip,+7 (972) 551-17-26,51063
Dylan,+7 (909) 956-37-58,26224
Justin,+7 (907) 751-79-90,29612
Tony,+7 (976) 226-15-13,24846
Debra,+7 (914) 808-55-77,55050
Tina,+7 (910) 179-53-22,77671
Jennifer,+7 (965) 393-50-45,87276
Patricia,+7 (952) 469-17-64,95356
Gregory,+7 (932) 802-31-21,9560
Billy,+7 (961) 186-89-29,44149
Kelli,+7 (932) 417-84-33,29831
Kyle,+7 (927) 215-43-68,21148
Amanda,+7 (941) 314-81-45,45574
Kimberly,+7 (989) 426-86-99,5667
Michael,+7 (990) 328-75-17,57506
Bobby,+7 (952) 103-28-18,29446
Nathan,+7 (954) 641-76-92,76354
Brandon,+7 (975) 800-16-26,32614
Barbara,+7 (970) 304-15-98,72829
Jessica,+7 (924) 643-14-81,7994
Grace,+7 (972) 695-72-64,57236
Nicole,+7 (961) 769-80-64,64382
Jeffrey,+7 (939) 169-11-95,33289
Alexis,+7 (990) 829-45-55,41924
Christina,+7 (922) 974-66-59,66274
Ann,+7 (977) 824-32-91,28038
Carl,+7 (912) 967-52-88,45715
Austin,+7 (975) 409-66-90,77914
Monique,+7 (974) 670-21-90,71363
Stephanie,+7 (972) 770-20-50,59020
Jamie,+7 (974) 711-20-97,91149
Patrick,+7 (944) 806-71-59,99661
Vanessa,+7 (977) 143-51-73,249
Connie,+7 (907) 958-35-35,10744
Nicholas,+7 (931) 536-70-87,39936
Erika,+7 (993) 129-83-35,12899
Donna,+7 (989) 998-34-18,72764
Breanna,+7 (985) 627-41-96,77132
Lisa,+7 (952) 995-52-66,25968
Lucas,+7 (902) 542-90-84,1214
Michael,+7 (939) 628-47-99,53121
Peggy,+7 (918) 836-69-16,67064
Jacob,+7 (920) 876-64-72,55802
Randy,+7 (980) 323-65-80,27514
Angela,+7 (914) 934-74-31,86348
Michael,+7 (915) 637-83-35,89647
Julie,+7 (912) 403-31-90,39875
Amanda,+7 (924) 232-48-82,42141
Stephanie,+7 (913) 121-18-15,77758
Mariah,+7 (958) 248-33-48,36075
Gerald,+7 (957) 583-37-59,97355
Kristina,+7 (991) 967-93-68,61797
Zachary,+7 (916) 234-29-76,85434
Joseph,+7 (959) 231-74-21,31453
Ricky,+7 (948) 145-66-47,29813
Edward,+7 (992) 930-22-29,93445
Nathan,+7 (923) 547-81-28,3447
Thomas,+7 (987) 779-60-61,68056
Janice,+7 (939) 155-96-30,8847
Thomas,+7 (915) 744-37-35,46830
Manuel,+7 (998) 867-68-29,38223
Alexander,+7 (950) 203-89-19,43035
Patrick,+7 (926) 324-23-76,6414
Christy,+7 (999) 428-22-82,94745
Ashley,+7 (929) 411-27-78,5221
Kimberly,+7 (911) 496-82-91,95225
David,+7 (949) 407-37-86,59844
Craig,+7 (909) 563-35-81,13785
Ryan,+7 (945) 826-87-12,4239
Barbara,+7 (920) 353-93-49,60197
Vanessa,+7 (970) 438-25-97,90080
Blake,+7 (909) 651-63-92,26801
Ronald,+7 (971) 645-80-75,12518
Tiffany,+7 (935) 202-94-57,47325
Aaron,+7 (975) 906-65-60,80233
Amy,+7 (979) 337-23-29,83065
John,+7 (955) 598-40-91,23774
Whitney,+7 (979) 271-82-25,78228
Mike,+7 (971) 188-82-41,63035
Jack,+7 (963) 954-24-14,23535
Desiree,+7 (912) 567-84-76,80702
Jane,+7 (902) 455-15-73,79526
James,+7 (944) 583-32-94,66747
Cynthia,+7 (981) 951-95-44,25624
Eric,+7 (905) 771-91-35,68121
Tonya,+7 (939) 207-84-36,46848
Elaine,+7 (991) 514-83-65,23590
Nathan,+7 (987) 773-14-39,10568
Crystal,+7 (900) 103-10-34,24547
Nancy,+7 (920) 720-85-34,29990
Tommy,+7 (969) 185-55-98,94871
Carolyn,+7 (912) 554-61-58,54891
Felicia,+7 (992) 328-72-81,50075
Nicholas,+7 (943) 763-29-18,25623
Jennifer,+7 (952) 714-93-82,14691
Donald,+7 (933) 393-36-42,55298
Samantha,+7 (921) 475-74-19,4929
Joseph,+7 (944) 647-14-85,42944
Holly,+7 (983) 467-88-72,89358
Sarah,+7 (970) 709-18-35,15422
David,+7 (900) 213-70-33,63536
Joseph,+7 (999) 544-30-79,86121
John,+7 (944) 589-93-68,73210
Maria,+7 (959) 361-25-75,88843
Hunter,+7 (969) 921-54-69,22012
Dustin,+7 (928) 909-45-40,86270
Cole,+7 (925) 943-61-33,77173
Thomas,+7 (979) 304-91-17,50767
Elizabeth,+7 (911) 615-37-19,63393
Tyler,+7 (905) 224-83-46,47406
Beth,+7 (990) 883-43-53,99538
Steve,+7 (906) 380-73-31,21775
Sara,+7 (992) 730-29-30,92878
Pamela,+7 (982) 841-43-48,27986
Jesse,+7 (954) 528-91-46,42087
Wendy,+7 (906) 429-31-19,82017
Shelly,+7 (968) 439-87-55,67289
Michael,+7 (940) 545-68-46,79212
Benjamin,+7 (949) 185-52-59,23454
Edward,+7 (932) 158-37-13,45785
Leah,+7 (918) 810-82-61,26808
Ann,+7 (971) 299-67-97,42740
Elizabeth,+7 (914) 582-14-17,34171
Brian,+7 (947) 823-61-65,45022
Jeffrey,+7 (913) 659-83-64,55138
Andrew,+7 (953) 498-61-52,71158
Courtney,+7 (917) 959-41-85,40597
Michael,+7 (970) 731-21-22,14139
Donna,+7 (950) 458-17-14,63382
James,+7 (908) 589-49-36,8341
Gary,+7 (949) 541-85-65,34355
Karen,+7 (944) 482-90-88,37370
Derek,+7 (976) 277-30-59,56151
Kristin,+7 (983) 879-75-62,97441
Philip,+7 (905) 403-65-71,13073
Christian,+7 (957) 385-91-56,85914
Christina,+7 (965) 250-90-90,53545
Douglas,+7 (934) 713-69-59,36470
Gregory,+7 (916) 190-79-98,72065
Jacob,+7 (908) 596-43-93,32160
Lisa,+7 (911) 641-76-28,4071
Lynn,+7 (901) 873-43-88,21449
Carlos,+7 (906) 115-35-93,70247
Matthew,+7 (931) 802-65-56,27212
Jasmine,+7 (978) 350-18-64,37679
Kimberly,+7 (912) 831-34-89,10493
Mary,+7 (937) 915-52-78,47061
Erika,+7 (911) 224-84-17,79634
Michelle,+7 (975) 253-27-93,44469
Brandon,+7 (927) 473-99-17,84108
Anna,+7 (934) 536-19-41,62288
Frank,+7 (991) 696-31-82,54442
Shawn,+7 (954) 597-86-28,4055
Misty,+7 (925) 391-57-12,77742
Kaitlyn,+7 (931) 466-95-48,79977
Tami,+7 (956) 707-72-13,14640
Christine,+7 (930) 492-14-74,33908
David,+7 (989) 970-13-89,56742
Angela,+7 (972) 563-25-97,16776
Christina,+7 (983) 371-58-45,3439
David,+7 (901) 461-74-30,45631
Bruce,+7 (921) 102-66-82,66434
Matthew,+7 (964) 300-41-49,38426
Rebecca,+7 (961) 913-66-28,93121
Jon,+7 (972) 933-15-80,27209
Amber,+7 (966) 824-73-80,22992
Michael,+7 (935) 158-37-94,8775
Lynn,+7 (945) 801-48-23,69454
Katherine,+7 (913) 634-18-61,76328
Shannon,+7 (956) 349-63-19,50248
Madison,+7 (910) 955-92-40,55641
Cory,+7 (965) 207-84-96,65102
Stacey,+7 (906) 904-20-87,27952
Lisa,+7 (995) 278-95-95,31978
Julie,+7 (928) 259-62-56,98574
Mary,+7 (970) 876-56-95,51676
Raymond,+7 (980) 123-85-26,59558
Douglas,+7 (917) 985-63-83,24496
Troy,+7 (924) 544-92-16,34925
Michael,+7 (982) 459-35-46,72363
Nicole,+7 (957) 822-75-69,96192
Michelle,+7 (934) 431-61-25,49065
Robert,+7 (900) 639-77-87,34455
Monica,+7 (906) 960-42-85,32633
Martha,+7 (960) 943-17-73,30202
James,+7 (917) 178-48-26,71663
Patricia,+7 (973) 842-62-91,50862
Alexis,+7 (967) 329-76-69,92242
Terri,+7 (973) 899-26-53,87710
David,+7 (978) 462-12-51,95881
Ashley,+7 (915) 427-47-95,17401
Gregory,+7 (904) 734-24-53,30761
Ebony,+7 (931) 854-81-86,28066
Vickie,+7 (915) 138-36-69,70188
Dawn,+7 (965) 627-11-51,36339
Mary,+7 (953) 721-17-89,36265
Christopher,+7 (909) 561-26-81,9308
Michael,+7 (942) 453-78-31,94326
David,+7 (995) 956-79-31,50833
Melissa,+7 (998) 767-46-38,33522
Darren,+7 (928) 143-71-41,55619
Linda,+7 (980) 887-53-79,35456
Sophia,+7 (975) 453-15-52,74160
Theresa,+7 (943) 539-95-96,55170
Paul,+7 (912) 188-18-45,2060
Robert,+7 (900) 285-51-20,74506
Donald,+7 (990) 999-51-53,32651
Bailey,+7 (977) 446-11-81,80974
Eric,+7 (944) 745-40-20,94126
Daniel,+7 (937) 195-83-31,64467
Dustin,+7 (986) 904-65-15,34786
Anthony,+7 (932) 131-89-87,89489
David,+7 (985) 684-72-33,43630
Nancy,+7 (964) 550-52-38,62417
Tommy,+7 (940) 932-20-17,34173
Derek,+7 (940) 817-75-37,99365
Amanda,+7 (981) 503-24-50,20396
David,+7 (955) 321-70-90,10044
Andrea,+7 (950) 262-90-76,65459
Matthew,+7 (931) 945-46-20,32310
Beth,+7 (909) 708-28-47,31312
Adam,+7 (992) 606-24-40,95025
Deanna,+7 (975) 542-88-11,93522
Heather,+7 (960) 186-83-86,41435
Sheena,+7 (914) 633-72-67,72818
Jeffrey,+7 (972) 330-79-33,98143
Rodney,+7 (982) 912-74-90,76101
Darren,+7 (928) 366-36-91,65802
Natalie,+7 (928) 377-66-41,69506
Jeffrey,+7 (923) 325-26-27,83898
Alex,+7 (969) 207-66-38,44020
William,+7 (908) 747-42-62,13462
Lee,+7 (947) 752-30-61,43611
Terrance,+7 (995) 211-38-34,95436
Joshua,+7 (976) 457-19-97,30289
Sharon,+7 (958) 218-65-80,44768
Jessica,+7 (935) 927-91-16,19562
Lauren,+7 (926) 505-39-27,61237
Jessica,+7 (974) 753-73-84,63642
Andrea,+7 (939) 606-87-20,261
Tiffany,+7 (975) 674-23-36,19244
Anthony,+7 (982) 124-87-89,17146
Edwin,+7 (956) 547-97-90,57776
Kelsey,+7 (902) 102-27-26,69334
Rebekah,+7 (908) 931-55-85,90752
Misty,+7 (932) 761-69-71,83309
Andrea,+7 (965) 121-96-72,31711
Scott,+7 (970) 151-24-52,42941
Marc,+7 (952) 838-85-92,9753
Michelle,+7 (917) 632-98-14,83994
Kimberly,+7 (925) 247-18-64,4381
Abigail,+7 (933) 153-31-24,21749
Erika,+7 (915) 909-20-41,10957
Laura,+7 (979) 645-24-22,44128
Laura,+7 (984) 725-79-62,51472
Stacy,+7 (983) 574-44-79,62173
Xavier,+7 (904) 102-59-24,15973
Breanna,+7 (962) 217-68-46,23225
Kayla,+7 (910) 786-94-76,40174
Judy,+7 (945) 697-79-38,87534
Patricia,+7 (994) 898-14-72,38754
Chad,+7 (907) 881-10-53,47253
Jeremy,+7 (952) 357-84-90,79324
Rachel,+7 (964) 494-43-40,13035
Andrew,+7 (901) 532-25-91,82047
Joseph,+7 (958) 771-99-52,28720
Jimmy,+7 (985) 459-48-21,84863
David,+7 (907) 704-66-51,72767
Diane,+7 (995) 526-53-17,29583
Bobby,+7 (938) 545-17-55,71690
Jimmy,+7 (935) 658-59-43,41350
Suzanne,+7 (942) 104-19-25,76361
Michael,+7 (957) 127-24-70,10556
Jonathan,+7 (907) 447-21-23,90065
Yvette,+7 (973) 107-80-32,12242
Erin,+7 (983) 177-13-60,98456
Heather,+7 (930) 616-28-69,12242
Jessica,+7 (985) 633-25-62,93853
Lauren,+7 (949) 437-52-69,49614
Brian,+7 (970) 404-61-53,56471
Jennifer,+7 (908) 153-75-61,39258
Ann,+7 (958) 701-64-79,67664
Cassandra,+7 (930) 604-73-82,47949
Matthew,+7 (952) 106-26-10,48672
Brian,+7 (934) 234-87-75,33677
Amy,+7 (960) 380-99-28,78640
Sarah,+7 (943) 404-32-36,83261
Jonathan,+7 (945) 195-30-34,71179
Charlene,+7 (952) 694-83-19,28685
Paul,+7 (992) 276-63-92,91760
John,+7 (932) 980-47-85,98747
Terri,+7 (918) 451-55-39,37509
Robert,+7 (983) 637-11-27,94054
Jerry,+7 (904) 503-90-89,52095
Brooke,+7 (949) 695-12-13,89630
Michelle,+7 (910) 108-43-82,35148
Garrett,+7 (929) 207-47-27,23528
Lisa,+7 (936) 933-55-95,39641
James,+7 (975) 567-84-48,44619
Kristen,+7 (929) 250-45-83,55959
Pamela,+7 (933) 789-45-12,81207
Audrey,+7 (954) 200-51-10,99125
Troy,+7 (988) 421-59-77,37325
Felicia,+7 (962) 862-96-16,62902
Justin,+7 (961) 116-44-48,84540
Brian,+7 (971) 185-10-54,65035
Laura,+7 (988) 400-55-59,5995
Kevin,+7 (924) 171-91-11,14444
Kathryn,+7 (999) 899-12-65,61753
Matthew,+7 (926) 893-52-54,72330
Robert,+7 (909) 593-58-50,44144
David,+7 (933) 602-22-84,99195
Michael,+7 (933) 566-22-17,85574
Christopher,+7 (969) 702-61-39,78654
Aaron,+7 (997) 675-72-39,94792
Michael,+7 (998) 863-21-18,30041
Christopher,+7 (951) 808-71-76,89269
Martha,+7 (969) 799-40-38,95935
Michael,+7 (951) 489-91-39,42207
David,+7 (940) 963-23-59,28668
Kimberly,+7 (921) 704-53-35,15383
Michael,+7 (981) 682-24-64,98011
Scott,+7 (985) 225-22-82,47279
Daniel,+7 (929) 588-10-12,51021
James,+7 (958) 584-58-19,37519
Patrick,+7 (987) 172-64-59,4305
Katrina,+7 (960) 528-46-59,90861
Christopher,+7 (964) 235-37-31,60165
Ryan,+7 (937) 249-10-87,93955
Melinda,+7 (937) 488-37-55,97676
Sarah,+7 (961) 236-48-39,13889
Catherine,+7 (956) 367-58-38,53529
Michele,+7 (904) 369-61-89,78981
Kenneth,+7 (979) 122-10-16,94975
Mark,+7 (951) 499-92-72,9198
Craig,+7 (993) 674-20-87,28376
Raymond,+7 (974) 963-80-18,27598
Hailey,+7 (911) 500-56-10,15105
Ashley,+7 (921) 572-82-63,81597
Christine,+7 (923) 583-37-40,7032
Brandon,+7 (929) 623-15-74,99147
Ashley,+7 (900) 329-77-79,74478
Vanessa,+7 (957) 988-74-58,93152
Rebecca,+7 (966) 500-35-50,50766
Allison,+7 (903) 421-56-42,89247
Austin,+7 (926) 342-51-43,58906
Brian,+7 (964) 242-75-36,99764
Justin,+7 (936) 313-40-31,19081
Steven,+7 (942) 301-12-87,31733
Adam,+7 (994) 938-42-85,73481
Denise,+7 (961) 460-52-44,84330
Rebecca,+7 (930) 662-84-51,1011
Catherine,+7 (937) 759-87-29,44497
Joseph,+7 (983) 312-58-33,34150
Kristin,+7 (913) 826-89-35,26777
Joe,+7 (987) 784-81-76,94803
Elizabeth,+7 (933) 382-45-23,27248
Jerry,+7 (972) 191-71-15,65150
John,+7 (977) 576-77-61,41216
Timothy,+7 (974) 752-97-95,29971
William,+7 (955) 515-60-15,95896
Tanya,+7 (956) 901-10-76,83530
Julie,+7 (967) 965-55-42,17358
Terri,+7 (959) 417-67-19,2456
Charles,+7 (932) 134-94-46,82630
Hannah,+7 (943) 224-70-50,47743
Michael,+7 (918) 651-75-36,38707
Jonathan,+7 (969) 332-30-77,26356
Daniel,+7 (926) 621-42-50,63531
Michael,+7 (927) 721-89-13,67324
Sandra,+7 (967) 938-55-54,65247
Penny,+7 (932) 383-86-61,95182
Christina,+7 (943) 988-43-67,89845
Veronica,+7 (939) 734-47-38,99575
Eddie,+7 (952) 712-82-10,65564
Nicholas,+7 (995) 470-12-70,63066
Connie,+7 (907) 621-28-77,74642
Francisco,+7 (980) 412-45-77,88247
Kaitlyn,+7 (941) 159-46-71,87265
Randy,+7 (946) 556-46-69,61378
Kristin,+7 (919) 514-85-13,86989
Yvonne,+7 (922) 494-32-91,1232
Monica,+7 (913) 907-68-56,64002
Joseph,+7 (968) 777-53-62,94014
Kelly,+7 (976) 697-11-91,94371
Elizabeth,+7 (953) 237-31-68,55929
Peter,+7 (932) 419-26-96,98375
Victoria,+7 (978) 554-98-75,88718
Cameron,+7 (962) 710-71-73,10964
Alicia,+7 (925) 529-93-32,2913
Sylvia,+7 (966) 111-47-48,34365
Gregory,+7 (912) 262-29-97,39083
Maria,+7 (971) 673-50-32,18423
Darrell,+7 (945) 277-60-21,33574
Bruce,+7 (924) 850-90-94,4362
Daniel,+7 (953) 260-80-29,87433
Jamie,+7 (916) 911-14-19,24163
Joyce,+7 (928) 377-73-72,38623
Anne,+7 (989) 142-32-47,52144
Sarah,+7 (976) 781-25-75,756
Linda,+7 (948) 365-56-78,14040
Jamie,+7 (988) 552-36-38,90492
Alison,+7 (994) 835-32-83,97786
Christian,+7 (907) 206-20-61,5963
Emily,+7 (926) 628-12-78,16147
Sean,+7 (958) 603-69-55,79239
Phillip,+7 (918) 982-41-27,38910
Kelly,+7 (980) 617-75-68,28059
Anna,+7 (950) 741-67-69,2310
Gary,+7 (909) 462-67-94,62002
Sarah,+7 (949) 298-97-29,66218
Timothy,+7 (975) 249-26-21,40904
Thomas,+7 (969) 214-71-48,66772
Teresa,+7 (919) 684-98-97,38253
Alan,+7 (980) 375-10-22,66598
Bethany,+7 (942) 758-61-31,87046
Anthony,+7 (953) 792-72-11,66194
Kaitlyn,+7 (971) 153-92-12,41183
