886,48549,3206 Bradley Throughway,2020-01-10
31,7107,92751 Brown Shore,2020-05-15
412,19431,5607 Melissa Mews,2021-08-08
956,32703,7846 Wiley Underpass Suite 705,2021-02-07
869,17598,84424 Susan Rest,2021-11-24
729,30809,0873 Henson Lakes Suite 563,2020-12-17
928,3208,401 Reese Neck Apt. 991,2022-01-29
275,38001,678 Laura Square Apt. 127,2020-12-27
395,46985,475 Jones Spurs Suite 956,2022-03-13
343,32099,00750 Hickman Ports Apt. 339,2021-01-27
973,2526,4212 Higgins Well,2020-03-04
212,43657,831 Michael Mission,2022-03-18
137,10570,53612 Brenda Lights Suite 507,2022-05-31
189,12769,08660 Jeffrey Rapid Apt. 002,2020-09-12
66,12366,0844 Hamilton Knolls Suite 806,2020-04-05
182,34303,746 Stephen Dam,2022-06-30
961,21847,888 Jared Vista,2022-06-07
387,42549,6759 Pham Spurs Apt. 878,2020-12-31
170,14807,900 Sean Islands,2020-03-04
713,14556,481 Angela Plains Apt. 759,2021-12-28
392,16774,046 Erica Plains Suite 691,2021-08-01
877,18349,132 Mccarthy Centers Apt. 998,2020-05-05
332,15322,6949 Darius Overpass,2021-09-04
219,16187,3921 Jared Estates Suite 895,2021-11-07
841,41895,608 Poole Fords,2022-01-05
2,13491,81052 Mackenzie Turnpike,2021-10-22
49,24050,81286 Jay Trafficway Apt. 315,2020-11-30
699,47000,646 Fred Falls,2020-08-14
947,13214,2687 Kelsey Junction Suite 947,2020-06-24
203,23422,9228 Lindsey Ridge Suite 286,2021-05-09
782,5328,2792 Cameron Ports Apt. 759,2021-12-27
518,13916,982 Michael Tunnel Apt. 017,2020-05-16
338,11572,1706 Brittany Common,2021-06-13
212,17050,53340 Rivera Groves,2020-08-02
991,31572,472 Nicholas Roads Suite 531,2022-08-22
234,47545,128 Calderon Creek Suite 727,2021-02-18
709,27593,21015 Fernandez Mall Suite 447,2020-11-27
72,11234,819 Angela Drives,2022-07-31
336,39059,9123 Stephanie Viaduct,2022-05-13
106,36789,303 Thomas Mountains Suite 998,2021-12-16
198,31127,80137 Weaver Throughway Apt. 201,2021-03-07
322,8599,93184 Lisa Ridges,2020-11-10
723,7371,36575 Humphrey Island,2020-01-04
619,10780,37996 Solis Isle,2020-06-07
265,22760,700 Black Court,2020-03-21
280,2739,772 Ashley Ranch,2020-09-14
348,19801,403 Desiree Gardens,2022-05-03
666,39346,95185 Berry Common Apt. 775,2022-01-02
232,5945,5055 Young Union,2021-11-22
417,48717,46399 Flores Motorway Apt. 783,2021-08-08
984,15847,47762 Timothy Overpass Suite 994,2022-09-12
933,12308,866 Anthony Expressway,2021-04-07
263,14279,56576 Solomon Fords,2021-03-06
392,16824,94194 Andrew Extension,2020-09-20
79,34971,09789 Rachel Place,2021-08-25
264,48363,252 Emily Roads,2022-06-22
878,15350,244 Shannon Path Suite 276,2021-11-16
696,2709,73791 Anna Fields,2020-04-26
465,40588,261 Eric Glens,2020-08-05
547,49882,0690 Clark Shoals Suite 956,2022-09-06
465,37317,7871 Dana Harbors Apt. 099,2021-07-14
110,25387,8494 James Club,2020-10-25
154,27057,29855 Lori Square,2020-06-01
170,2232,85459 Clay Neck Apt. 158,2020-04-30
437,6870,52509 Bryan Common Suite 543,2020-10-30
17,41903,026 Angela Ridges,2020-04-12
709,21160,70583 Jones Shoal,2021-07-26
704,22833,870 Chung Shores Suite 344,2021-02-25
165,49729,084 Ryan Drives Apt. 638,2020-02-13
428,23199,636 Patel Springs,2021-10-22
473,44039,72478 Angela Lake,2020-06-24
485,2223,0855 Hill Skyway,2021-07-05
281,11995,8035 Amanda Drive,2020-09-28
361,34371,477 Price Lake,2021-04-14
633,12721,313 Sylvia Neck Suite 911,2022-08-27
272,2590,91279 Sims Squares Apt. 305,2020-12-07
326,35527,9771 Ronald Dam,2021-02-18
883,33766,51570 Michael Bypass,2021-02-21
781,25339,297 Jorge Fields Suite 740,2021-11-20
999,790,8400 Nathan Spurs Apt. 960,2020-12-06
316,19079,8923 Deanna Junction Suite 361,2021-09-18
182,15685,2268 Jensen Extensions,2021-10-06
44,24209,83849 Francisco Tunnel,2021-10-31
837,32364,0264 Long Lock Suite 414,2021-01-18
556,11609,38548 Brown Crescent,2021-09-02
840,22693,074 Nelson Road,2022-07-22
902,15292,1994 Dale Place Apt. 662,2022-03-17
915,12255,3078 Nicholson Isle,2020-02-22
589,10212,21448 Phillip Branch,2022-08-19
948,27621,962 Lauren Drive Apt. 939,2020-04-23
104,34967,220 Nancy Knolls,2021-06-23
360,18744,06692 Schmidt Overpass Apt. 014,2020-03-15
251,25661,9457 Skinner Centers Suite 921,2021-05-07
304,25850,06158 Raymond Turnpike Apt. 413,2021-01-01
4,13458,6274 Kristina Meadows Apt. 038,2022-03-14
346,10357,0905 Reid Keys Apt. 571,2020-07-28
776,30728,56675 Padilla Meadows Apt. 541,2021-09-26
8,27028,817 Green Canyon,2020-07-16
2,23280,480 Jonathan Center Suite 866,2021-10-21
470,36254,78506 Tonya Garden Apt. 971,2020-04-18
122,43259,7368 Tyler Lights Apt. 796,2020-11-18
61,48713,935 Emily Trafficway Suite 562,2020-08-14
760,16662,52856 Arthur Fort,2022-05-02
133,6876,8604 Carroll Locks Suite 928,2022-08-02
101,476,629 Tucker Field Suite 656,2021-01-01
12,25655,579 Stephanie Well,2022-01-05
340,6529,94184 Dawn Ville Apt. 182,2020-04-16
267,44129,79833 Buck Coves,2021-05-21
920,43835,025 Justin Flats Apt. 523,2022-06-16
19,47084,640 Sean Spring Suite 545,2021-02-24
663,6328,26131 Lynch Drives Suite 897,2022-03-04
136,31305,1731 Anderson Inlet,2021-12-06
882,41635,00078 Pena Points Apt. 806,2021-02-17
786,35886,872 Keller Road,2020-08-23
414,47375,2531 Daniel Junctions Apt. 924,2020-05-02
600,24813,551 Figueroa Junctions Apt. 092,2020-06-14
197,40350,6642 Holland Street Apt. 779,2021-03-20
606,43529,13746 Scott Meadow Apt. 178,2022-05-19
448,6137,757 Lauren View,2020-04-29
680,45357,8234 Stephanie Island,2021-11-20
964,29400,1133 Sergio Squares Apt. 431,2020-09-04
737,42655,47653 Wyatt Branch,2022-03-12
12,15855,366 Christine Views,2020-09-23
129,44597,340 David Drive,2021-10-26
492,15115,65118 Frank Pike,2021-04-19
168,41815,9712 Lance Freeway Apt. 566,2020-05-20
277,37905,55953 Ronald Hills,2021-10-24
686,1920,69196 Jeffrey Crossing,2022-04-06
348,7061,9171 Reid Parkway,2021-01-13
251,38047,149 Banks Corner Suite 317,2020-01-16
966,41559,59092 Manning Wells Suite 630,2020-01-04
910,40809,9845 Hailey Stream,2020-07-02
275,8552,86517 James Points Suite 287,2020-08-24
184,31154,48861 Cummings Plaza Apt. 437,2021-12-22
837,28419,61504 Perez Stravenue,2021-11-29
322,20821,07749 Flowers Crest Suite 291,2022-03-07
553,4377,173 Joshua Fort Suite 848,2021-04-12
912,8758,160 Davis Forks,2022-02-08
589,10058,508 Mcguire Brook,2021-02-26
276,18514,191 Brandon Well Suite 628,2020-10-15
810,37401,91412 Julie Lock,2022-02-10
769,5902,63578 Thomas Hollow,2020-07-29
523,29110,2957 Jessica Mountains,2020-11-02
416,42613,436 Morris Plains Apt. 364,2021-07-07
750,8235,7350 Tiffany Ramp Suite 733,2021-03-13
143,36133,07208 Burns Turnpike,2020-11-01
929,16458,902 Bailey Unions Suite 941,2022-04-12
213,9948,1542 James Throughway Suite 188,2021-09-08
34,7716,133 Burton Throughway Apt. 124,2021-09-12
486,31918,92018 Robinson Highway,2020-01-21
894,35752,5496 Cheryl Rest,2021-04-27
23,33367,38720 Harmon Track,2022-05-01
83,33453,788 Lee Glens,2020-01-10
703,27923,6106 Robert Court,2022-07-31
150,2760,20892 Daniel Rest Suite 902,2021-11-18
18,24529,971 Christopher Haven,2021-04-25
408,4643,63685 Adkins Summit,2021-12-09
374,14443,4359 Denise Curve Suite 647,2020-10-25
396,20897,671 Kelly Viaduct,2021-05-23
58,32584,8826 Antonio Parks Apt. 386,2020-08-29
502,12669,67461 Diaz Manors,2020-06-20
558,35846,1397 Kelly Tunnel,2020-06-16
960,6513,056 Holmes Walks Apt. 523,2020-01-12
416,41263,049 Angela Alley Suite 472,2022-07-12
650,2956,62360 Michael Crossing,2022-04-15
930,20003,923 Jonathan Well Suite 947,2020-01-21
596,41499,2031 Jones Circle,2021-01-04
72,47326,651 Barrett Via,2020-03-19
861,49578,4126 Ray Mews Apt. 984,2021-05-06
633,46613,819 Eric Corners Suite 572,2021-10-20
352,29494,51862 Levine Plaza Suite 619,2020-08-02
884,18113,753 Richard Stravenue,2021-07-30
634,13937,027 Joseph Meadow,2020-03-14
534,32447,17967 Joshua Springs,2022-02-20
592,9670,0997 Teresa Dam,2022-02-04
605,19951,724 Lisa Pines Apt. 497,2020-08-28
738,23308,5144 Harrison Mountain,2021-05-04
444,46303,082 Rodriguez Skyway,2021-10-23
762,22719,8271 Kyle Stream Apt. 867,2020-03-13
869,12550,41571 Smith Manor Suite 508,2022-04-10
545,29007,785 Tommy Neck,2020-01-23
801,10181,5897 Dennis Lane Apt. 001,2021-12-19
590,40356,750 Stephanie Brooks Suite 750,2021-12-25
846,37627,84741 Palmer Square Apt. 601,2022-06-25
999,48541,70243 Scott Canyon,2021-04-05
443,30678,619 Jonathan Route,2021-12-15
975,13452,0863 Jeffrey Points,2021-11-19
30,9992,55827 Smith Inlet,2020-09-10
95,18448,472 Bautista Port Apt. 096,2021-07-27
975,41006,52153 Mcdonald Points Suite 347,2020-12-18
430,39917,2458 Seth Well Suite 291,2022-07-05
139,4067,8753 Scott Roads Suite 046,2020-12-06
337,42301,126 Mario Union Suite 715,2020-01-27
168,4138,445 Kathleen Port,2021-02-09
878,21973,929 Michele Throughway,2021-06-03
530,16472,388 Mary Ramp Suite 728,2022-03-21
512,31425,830 Meagan Mission Suite 474,2020-08-27
780,11254,6965 Cooper Crest Suite 063,2020-05-30
252,40163,88587 Sandra Throughway Apt. 986,2020-09-06
230,14000,892 Corey Ranch Suite 190,2020-03-16
962,45759,7671 Hendricks Islands,2022-06-09
677,16888,99025 Nelson Light Suite 610,2021-01-22
186,20561,027 Montes Land Apt. 321,2020-09-28
592,24138,6200 Padilla Lights,2021-12-05
932,24549,7039 Perkins Road Suite 243,2021-02-18
466,46279,796 Clark Skyway,2020-02-10
167,8503,01599 Maddox Roads Apt. 908,2021-10-14
376,2146,44265 Jones Viaduct,2022-09-19
190,44935,63683 Emily Springs,2021-03-17
113,33844,96791 Natalie Manor Suite 261,2020-06-02
367,18804,8524 Sydney Park Apt. 307,2021-12-29
222,34406,80075 Joseph Haven,2022-01-30
433,21531,8369 Brady Ranch Apt. 303,2020-05-03
935,32359,21864 Reyes Underpass,2021-07-06
403,5671,407 Bennett Way Apt. 027,2020-05-24
510,38993,2746 Jessica Hollow,2022-08-28
649,7928,512 Davis Station,2020-04-02
990,19677,551 Lewis Loaf Suite 214,2022-06-07
587,5894,54327 Matthew Pass Apt. 020,2021-12-16
263,29149,465 Romero Circles,2020-12-25
321,26705,146 Kathleen Parkway,2020-09-12
225,4794,14723 Douglas Village,2021-01-07
716,40563,3685 Matthew Square,2022-01-17
424,7907,6284 Elizabeth Underpass,2020-02-10
809,14424,6255 Wendy Mill,2020-09-04
48,47059,5102 Nguyen Park,2020-01-21
413,1570,219 Gillespie Views,2020-09-11
199,46804,89495 Ashley Turnpike Apt. 971,2021-12-09
482,14570,215 Jason Circle,2020-01-19
577,14459,06655 Denise Mountain Apt. 787,2021-03-10
679,18652,8202 Kelly Mews,2021-08-24
981,35082,491 Kelly Walk,2022-05-23
58,27435,9555 Victoria Glens Apt. 686,2021-02-15
709,32394,5235 Austin Parks,2022-08-29
972,440,9413 Amanda Landing Suite 860,2022-01-07
459,45828,1834 Daniel Island Suite 778,2020-08-05
904,32396,16295 Sherry Ways Suite 423,2021-02-25
68,36128,575 Christopher Shoals,2021-09-09
898,33429,96255 Brown Lane Apt. 945,2020-11-06
207,28592,5685 Moreno Ways Apt. 932,2021-09-11
400,10908,83083 Sanchez Ville,2021-08-05
706,9576,453 Miles Trail Apt. 022,2022-05-16
554,39508,6879 Pace Causeway Apt. 976,2020-09-29
184,18318,747 Alison Flats Apt. 523,2022-02-22
193,21193,5558 Alexandra Crossroad Suite 105,2020-10-22
617,19212,75699 Bowers Roads,2020-06-12
616,33809,345 Kaiser Port Suite 411,2021-04-09
849,21381,61635 Reginald Isle,2020-08-28
788,45901,1991 Ruth Lock,2021-04-28
148,44948,8312 Stewart Lodge,2021-01-21
52,22544,2308 Jose Island Suite 200,2020-03-24
162,37179,9903 Horton Place Suite 256,2021-04-13
616,12159,5324 Christine Drives Apt. 050,2021-01-09
712,6707,372 Lauren Hills Suite 647,2021-12-04
74,18242,69812 Gonzalez Garden Apt. 237,2020-07-20
423,27438,75481 Zachary Island,2021-10-06
173,44064,51626 Stephanie Village,2021-06-12
833,46855,1537 Brandon Views Suite 389,2021-07-04
809,13386,586 Joseph Crest,2022-01-30
681,16387,626 Pham Ramp Suite 628,2020-11-24
456,18036,08510 Boyd Rapids,2020-02-11
12,24745,8543 Stephanie Walks,2020-10-28
753,11128,5845 Jessica Trail Suite 254,2022-07-07
14,5273,383 Rivera Plain,2021-11-02
460,23520,14100 William Harbor Suite 015,2020-04-03
964,44374,045 Peggy Walk,2020-11-11
891,7964,2545 Michael Dam,2020-10-31
992,18856,45467 Ryan Creek,2021-09-10
192,46088,1672 Parrish Lights Suite 026,2021-10-06
2,49560,23155 Brown Mountains Suite 722,2021-06-12
498,39721,28704 Lawson Overpass,2020-08-08
732,24278,36070 Thomas Inlet,2021-09-29
354,49407,16688 Smith Mountains,2020-12-26
806,49164,784 Marissa Heights Apt. 103,2022-04-07
111,24811,83025 Wilson Corners Suite 609,2020-12-21
816,36697,822 Steve Square Suite 787,2022-09-20
849,40903,39093 Ward Street,2020-02-23
347,26861,81564 King Junctions,2021-05-18
986,12367,0683 Jacqueline Haven Suite 081,2021-03-24
761,24292,06900 Suarez Forest Apt. 315,2022-01-15
527,20196,19570 Daniel Creek,2021-08-20
382,22256,70852 Bush Ports Suite 156,2020-07-08
115,19525,06709 Cynthia Flats,2020-01-04
975,2706,315 Matthew Lakes Apt. 423,2020-02-07
743,32589,87840 Edwards Trail,2021-01-25
793,8238,63078 Davis Island,2020-03-14
196,22471,6386 Karen Orchard Apt. 808,2020-10-24
159,40041,05116 Andrea Ways,2021-01-05
451,3130,10040 Cole Port,2022-01-08
65,49567,2156 James Dale,2020-01-28
830,15589,885 Kevin Wells Apt. 309,2021-02-14
7,37640,2225 Warner Spurs Suite 483,2021-09-02
610,40704,0230 Brennan Way,2021-03-11
1,41235,2931 Jessica Corner Apt. 172,2021-05-05
388,21084,407 Diana Camp Apt. 945,2021-09-21
671,13685,2977 Robert Branch Suite 456,2020-05-02
142,39847,51158 Johnson Islands Suite 337,2020-10-13
902,5688,2965 Wilson Squares Apt. 971,2021-05-10
121,869,493 Miller Knoll Apt. 967,2022-07-11
494,10247,50569 Ramsey Row,2020-04-07
525,46377,02220 John Flat Suite 534,2021-12-12
514,10535,116 Silva Prairie Apt. 319,2020-03-18
682,1912,7389 Brown Flats Suite 471,2021-03-01
951,49090,88032 Banks Loop,2022-05-15
662,16424,1545 Scott Courts Apt. 379,2021-12-30
855,27837,582 Julia Bypass,2021-03-20
203,39156,0318 Ibarra Row Apt. 649,2021-09-14
504,36094,83299 Jodi Locks Apt. 229,2022-04-02
939,30134,5664 Montgomery Ports,2022-08-04
182,8541,16545 Johnson Views Suite 832,2020-07-22
647,29816,7265 Rodriguez Forge Apt. 664,2020-04-19
436,25411,266 Wolf Union,2020-05-14
108,6197,348 Kimberly Unions Suite 786,2021-09-10
650,3117,51231 Ramirez Streets,2022-01-22
804,14853,060 Williams Crest Apt. 705,2021-09-03
641,1092,15544 Adrian Tunnel Apt. 255,2021-03-14
683,32234,16269 Joanna Plaza Apt. 564,2020-09-29
604,21587,5564 Landry Mission Suite 202,2020-01-27
454,42441,72833 Mark Valley,2020-12-15
267,14618,2347 Angela Crest Suite 457,2021-08-16
500,17261,1964 Patrick Keys Suite 788,2020-06-09
738,27160,6727 Dawson Route,2021-08-19
138,4701,3590 Martinez Shoal,2021-03-27
23,3792,947 Walker Ramp,2020-02-17
674,10388,253 Lang Mill Suite 850,2021-12-13
144,29865,02549 Porter Wall Suite 867,2020-06-15
832,20319,820 Claire Fork Suite 900,2022-03-26
94,35363,20221 Leslie Lights,2021-03-04
888,5761,68557 Sarah Mill,2022-02-05
258,17524,5250 Dodson Rue,2020-05-10
780,13072,3919 Anderson Route Suite 042,2021-01-10
656,38874,3567 Johnson Trail Apt. 392,2020-08-11
372,49346,9100 Olivia Views Suite 687,2021-11-05
27,39393,8188 Timothy Creek,2022-02-12
301,47889,9402 Beth Bridge Suite 357,2021-09-13
969,31208,62738 Brittany Village,2022-05-25
153,42320,477 Galvan Ports,2021-05-07
791,48399,920 Torres Walks Apt. 769,2022-08-30
79,41311,8260 Laura Station,2022-09-21
608,27199,823 Best Valleys,2021-06-29
853,23435,8333 Chavez Village,2020-08-28
751,1339,7681 Cobb Skyway,2020-06-03
797,36132,7573 Nichols Mews Apt. 914,2021-05-21
788,7361,1485 Walker Prairie,2020-03-02
482,39414,5092 Jennifer Run Suite 027,2022-05-30
193,20456,2227 Debbie Valley,2022-07-14
150,28674,41355 Weber Gateway,2022-06-15
362,17861,7958 Tamara Tunnel Apt. 745,2020-06-02
747,31601,96960 Laura Trail,2022-07-15
391,2165,99650 Kathy Court Suite 391,2020-01-18
54,37575,291 Vincent Trail,2021-01-03
815,48554,70444 Matthew Dam,2022-06-15
127,3608,7326 Newton Row Suite 468,2020-06-06
467,16175,124 Joseph Ridge Suite 469,2022-06-23
281,21530,8059 Garcia Hollow,2020-04-18
788,45848,47233 Stephen Court,2022-08-23
261,19976,085 Stephen Avenue,2020-08-22
735,32851,620 Jennifer Road Suite 045,2020-11-11
960,14800,18300 Steele Well,2022-08-11
767,31658,212 Amanda Flat,2020-11-22
377,12191,203 Erin Ways Apt. 250,2020-10-23
18,15028,23263 Roberts Lodge Apt. 615,2022-07-25
462,1905,634 Jones Glen,2021-03-21
644,25789,6572 Emily Harbor Apt. 439,2022-01-21
388,27954,9327 Mark Prairie,2020-01-30
114,33184,4995 Gabrielle Loaf,2020-04-29
631,42534,20497 Samuel Vista,2022-03-17
572,3452,411 Debbie Track,2020-01-03
225,35324,7043 Frank Parkway,2021-07-21
850,1205,94951 Wolf Port,2022-01-19
167,28290,131 Bennett Mission,2022-03-16
206,33438,16559 Darlene Course Apt. 859,2021-04-25
481,681,059 Angela Course Suite 717,2021-01-26
962,38421,6525 Lisa Isle,2020-02-26
850,48583,48242 Mary Dale Apt. 987,2022-05-19
221,24824,742 April Street,2022-07-31
194,4634,7052 Ashley Stream Apt. 789,2020-05-22
886,24893,102 Howard Stream Apt. 753,2022-03-13
159,12894,1716 Francis Pike,2022-02-11
662,20430,7518 Turner Cliff Apt. 728,2020-12-28
477,13722,215 Smith Spur Suite 773,2021-06-02
802,32080,84593 Lutz Points,2022-04-23
336,18324,895 Vasquez Point,2021-07-10
80,47310,3050 James Canyon Apt. 480,2020-05-27
579,31153,616 Steven Forges Suite 707,2022-04-20
474,9253,878 Rachael Branch,2021-08-22
699,4172,423 Patel Ferry,2020-05-20
666,5315,14140 Dorothy Harbors,2022-08-24
161,48618,67573 Newton Causeway Apt. 608,2020-05-24
525,16981,18626 Bradley Vista Suite 767,2022-01-03
238,37083,67122 Claudia Dale,2020-12-04
66,12211,855 James Cape,2021-04-07
647,16424,33581 Burns Groves,2020-12-25
668,683,0710 Julie Ranch,2020-02-16
589,42263,1298 Davis Isle Apt. 207,2022-08-06
417,26953,83650 Crystal Track Suite 093,2022-04-20
706,7865,517 Brian Centers,2020-03-18
66,23449,10378 Curtis Union Apt. 851,2020-07-09
801,33010,100 Crystal Plains Suite 077,2022-02-28
40,47801,9342 Perez Track,2022-01-18
9,37367,2262 Sarah Springs Suite 020,2021-09-23
979,38624,93978 Andrew Stream,2021-08-14
944,49688,467 Moore Falls,2020-11-06
382,44548,7954 Paul Place Apt. 669,2021-08-08
399,3666,230 Thomas Canyon,2021-07-01
188,39808,2278 Carrie Islands Apt. 728,2021-04-26
327,46919,28212 Charles Flats Suite 150,2022-01-24
865,37182,652 Amy Park Apt. 122,2021-12-20
45,41378,56670 Susan Lights,2020-11-03
181,30515,4660 Christian Landing Suite 140,2021-09-20
826,48530,69415 Stephanie Spring Apt. 860,2021-10-13
584,4121,96901 King Mission Apt. 001,2020-10-07
730,48354,2958 Paul Trail,2020-02-19
812,46259,43054 Sarah Hill,2021-09-01
746,22387,2948 Gamble Brooks Suite 640,2021-08-07
431,44078,7542 Santiago Heights,2022-01-30
156,24408,9764 Watkins Club,2021-06-23
899,32184,98816 Webb Union,2021-05-25
169,48122,0300 Heather Shoals Apt. 026,2020-01-25
764,48146,9621 Erin Springs Suite 427,2020-06-12
361,37187,49929 Houston Divide Suite 748,2022-06-05
963,595,7496 Banks Cove Suite 772,2020-06-06
811,26524,03337 Luis Pike,2020-07-16
770,36691,86486 Sandoval Mountains Apt. 846,2020-11-19
582,14397,12091 Hall Keys Apt. 265,2021-01-08
759,47168,9897 Rodgers Squares,2020-10-23
522,37329,1832 Cole Cliffs,2020-05-14
293,22873,6163 Benjamin Meadow,2020-10-26
809,13205,338 Moran Burgs Apt. 289,2021-06-24
438,33730,981 Jenny Springs,2022-02-23
435,40979,426 Alexander Shoal,2020-11-29
342,6448,75716 Schultz Loaf,2020-04-27
941,38079,6503 Justin Brooks,2020-11-24
913,8313,2597 Callahan Squares,2021-02-09
741,23834,529 Harper Turnpike Suite 262,2021-06-28
379,39526,70712 Ashley Harbors,2021-01-13
799,32159,36050 Johnny Route,2022-03-17
901,19990,106 Wilson Motorway Apt. 036,2021-12-16
447,18451,038 Sandoval Station,2020-01-30
278,36536,357 Thomas Ville,2021-11-15
851,35709,365 Hernandez Lodge Apt. 737,2021-04-24
295,23124,38407 Margaret Mountains Suite 269,2020-07-08
372,34572,6818 Daniel Gardens Suite 484,2020-08-09
631,21294,76537 Sara Glens Suite 167,2021-11-05
422,30920,83848 Thompson Rapids,2021-09-28
826,2342,7678 Alec Inlet,2020-01-09
434,38021,556 Katherine Valley,2021-08-10
224,22523,498 Corey Harbor Apt. 583,2020-12-12
738,9872,92834 Torres Harbors,2020-10-23
547,43608,0357 Bridget Mill,2021-12-03
994,36155,9493 Mueller Fall Apt. 556,2021-11-18
666,8845,26191 Jeffrey Wall,2022-03-27
694,49046,0383 Beasley Lodge Apt. 304,2021-12-16
476,43374,985 Myers Flat,2020-06-29
418,21260,096 Cheryl Union,2020-01-26
329,31713,961 Karen Coves Apt. 698,2020-02-18
622,10831,7210 Moore Gardens,2021-10-15
150,3503,34472 Chan Estate,2021-07-13
138,33534,310 Garza Junctions Suite 197,2022-07-06
97,25282,84187 Long Branch Apt. 727,2022-04-13
416,13699,370 Christopher Spring Apt. 177,2022-08-24
763,11134,548 Owens Islands,2020-06-21
505,11530,14373 Grant Lodge,2021-10-04
846,20399,1987 Jose Track,2021-01-23
975,33918,527 Haynes Well,2021-09-06
616,36013,0296 Miller Rest,2021-12-23
685,10481,5093 Chaney Parks,2020-12-19
583,29866,08321 Danielle Hills,2020-03-06
496,30108,148 Gonzalez Landing,2020-01-18
59,8106,1633 Duncan Isle Suite 557,2022-08-24
60,22236,11249 Richard Freeway,2020-12-23
181,24654,33381 Brian Mountains Apt. 487,2020-05-10
285,2283,002 Hawkins Summit,2020-12-09
695,17267,3302 Rose Run,2020-02-16
902,39180,82135 Mitchell Trail,2022-05-29
428,34061,368 Eric Mountains Suite 160,2021-04-06
610,33230,259 Randy Run,2020-08-08
987,14190,05281 Turner Fork Apt. 538,2021-04-01
260,22015,14646 Murray Square,2021-12-01
32,17414,2690 Garcia Court Apt. 784,2021-01-18
682,44033,274 Aaron Orchard Suite 358,2021-03-18
606,43268,2119 Angela Green Suite 682,2021-10-28
921,47302,885 Sharp Path Suite 697,2022-05-25
329,49332,5883 John Oval Suite 334,2020-11-06
323,48592,28241 Ana Club,2022-04-24
433,35053,36888 Lopez Valleys Apt. 116,2021-07-28
377,23819,42413 Mason Lodge,2021-11-03
710,6173,14603 Phillips Plains,2020-04-16
61,6678,0962 Johnson Key Apt. 048,2021-12-14
608,31480,31309 William Junction Suite 873,2021-10-04
254,9545,091 Williams Shoals Apt. 330,2021-06-12
899,13490,39191 Riggs Drive,2020-08-30
650,28831,52696 Nicholson Fords Apt. 629,2022-05-22
265,7874,133 Hall Valleys Suite 582,2021-09-25
469,14936,56158 Bowers Points,2020-10-25
323,30178,052 Brandon Stream Apt. 836,2021-11-21
417,42929,535 Carter Knolls,2020-12-20
574,29129,9941 Hunt Point Apt. 664,2021-01-07
556,40410,2274 Brandon Coves Apt. 577,2021-07-02
77,46506,83770 Tracy Stravenue Apt. 552,2020-10-31
605,14959,1939 Cross Knolls,2020-06-18
828,27538,10144 Sharp Forks,2021-01-18
311,40223,79456 Richard Flats,2021-12-14
852,6615,97144 Fred Pass Apt. 908,2020-07-10
522,30218,25409 Rogers Mills Suite 464,2020-04-17
627,48319,52992 Wheeler Points Apt. 346,2021-07-08
690,32034,40363 Duarte Path,2020-08-01
687,18137,160 Joseph Trace Apt. 476,2021-07-08
364,35205,751 Arias Plains,2020-11-08
339,36617,1591 Reed Alley Apt. 419,2022-08-10
718,5597,1249 Carlson Locks Suite 476,2021-08-09
363,38161,78997 Taylor Glen Suite 248,2020-03-23
900,38703,845 Cannon Mountains Apt. 751,2021-08-21
138,46465,24592 Hester Burg,2022-05-25
560,13911,63088 Wade Stravenue Suite 500,2020-12-04
197,21112,247 Parker Island Apt. 663,2020-12-31
138,38503,531 Vanessa Ville,2020-03-25
511,3495,7332 Morgan Canyon Suite 113,2020-12-21
749,49606,61325 Martinez Heights Apt. 025,2020-11-19
716,168,4602 Mendez Mall,2021-09-14
415,16133,57366 Gregory Dam Suite 045,2021-02-02
164,40559,361 Angela Keys,2022-03-09
712,18554,3256 Ferguson Inlet,2022-06-14
975,4736,667 Kristina Drive,2021-12-02
760,14605,2169 Ashley Forges Apt. 318,2022-05-17
633,12083,3065 Ashley Well,2022-04-27
505,9633,57414 Nathan Estate,2020-09-30
213,41633,85201 Jillian Lake,2020-06-24
602,20816,84602 Catherine Spurs Suite 049,2021-01-24
373,1429,86349 Martin Crossroad,2021-07-31
532,37925,2340 Wright Drive Suite 293,2021-08-24
279,28562,62519 Stephen Land,2022-08-13
177,21818,037 Dennis Mall Suite 420,2020-01-08
949,32912,2722 Carpenter Green,2020-12-10
465,18805,207 Robert Station Apt. 342,2020-03-11
17,38348,77917 Harris Tunnel Apt. 599,2020-01-02
848,1054,834 Oscar Creek,2021-08-27
424,48593,386 Hansen Street,2021-05-27
614,35292,27901 Carpenter Prairie,2020-12-28
507,43357,5379 William Points Suite 881,2021-04-02
363,24460,490 James Common Suite 903,2021-07-01
620,29038,6523 Johnson Centers Apt. 210,2020-04-22
778,12864,60761 Caleb Junction Suite 498,2022-09-05
646,43253,0967 Hamilton Well,2022-05-04
190,7644,446 Tiffany Vista,2020-02-22
418,33720,2333 Matthew Creek,2021-10-25
608,43396,1273 Walker Lodge,2020-11-30
311,24655,72076 Christopher River,2020-12-09
590,16788,23837 Angela Circle,2022-02-20
321,26539,67710 Swanson Isle,2020-02-14
860,17453,0783 Cain Drive Suite 303,2022-06-16
487,5028,3969 Holder Cliffs,2022-01-24
499,15735,21669 John Place Apt. 770,2020-03-08
129,17669,0856 Mccoy Throughway,2021-09-14
475,41678,264 Laura Gardens Apt. 797,2021-03-16
121,1669,62592 Riley Mill Apt. 506,2020-09-06
915,22802,84440 Collins Avenue Apt. 711,2020-07-18
902,43055,760 Ross Hill Suite 611,2022-08-14
233,17004,302 Vanessa Mission,2021-02-26
452,6437,2981 Jacob Stream,2021-01-31
8,25256,1861 Conner Mount Suite 601,2020-12-26
951,17955,5225 Savage Union Suite 760,2020-04-21
52,25859,24956 Kevin Pines Apt. 237,2020-05-20
526,41805,5325 Sparks Forge Apt. 393,2021-05-31
313,40905,6927 Fernandez Trace Apt. 776,2022-04-12
643,16149,38021 William Lock Apt. 666,2020-08-07
807,23115,0643 James Manors,2022-01-18
70,40691,38164 Kirk Alley,2020-12-04
509,49504,9740 Michael Court Suite 771,2022-01-12
492,39861,35419 Nguyen River,2021-02-28
849,13105,73941 Suzanne Court,2021-03-21
119,12394,3344 Marissa Track,2022-02-18
161,24832,695 Deborah Plaza Suite 405,2020-07-24
984,36414,4367 Ashley Dam,2022-03-19
322,313,377 Juarez Mission,2020-02-01
71,3198,9589 Cole Cape,2022-02-06
647,35038,3920 Tracy Greens,2020-04-12
65,20816,66494 Gilbert Rest,2021-06-27
263,8741,614 Anderson Unions Apt. 746,2021-10-06
552,27541,58504 Andrea Lake,2022-01-25
178,41560,730 Stevens Extension Suite 664,2020-11-13
442,25368,580 Charles Park Suite 271,2021-09-22
592,1515,5916 Brian Port,2020-01-31
444,45074,0169 Lauren Wells,2022-09-12
968,49076,45623 Smith Green,2020-06-27
773,27768,581 Hanson Route Apt. 195,2022-08-24
44,12420,9565 Alicia Lakes Suite 433,2022-05-06
45,49352,7980 Julie Burgs Suite 453,2020-08-20
963,32927,02911 Russo View,2020-03-14
71,7384,92316 Walker Trail Suite 660,2021-09-13
861,44855,817 Crosby Club Suite 512,2020-01-14
530,20665,8233 Collins Landing,2022-01-23
478,24573,5286 Thomas Ramp Suite 028,2020-03-12
879,31203,82748 Green Terrace,2021-02-02
737,28299,99290 Bridges Streets Suite 553,2020-10-20
530,44980,07677 Charles Ridges Suite 240,2021-09-29
881,26108,80069 Parker Valley Suite 244,2022-06-23
689,10028,5131 Bryan Island,2021-05-04
963,24412,78458 Martinez Pike Suite 924,2022-07-15
211,46117,71600 Cabrera Gardens Suite 432,2021-04-05
187,16160,76626 Peterson Street Apt. 524,2020-12-15
958,2605,795 Sarah Corners,2022-02-15
209,24949,374 Lori Field,2020-04-23
920,46198,068 Christopher Circle Suite 635,2022-08-24
798,13899,059 Julia Lake,2020-02-11
436,47721,11760 Perez Plain,2022-04-05
998,32844,71019 Garcia Causeway Suite 466,2022-07-02
990,35941,7781 David Canyon Suite 170,2022-03-21
545,12717,8105 Rivera Fall Apt. 911,2021-07-02
205,32246,594 Brian Lane,2020-06-06
282,35990,583 Nguyen Park,2020-06-09
332,42554,21941 Gill Villages Apt. 354,2020-05-13
360,34079,70191 Todd Mission Apt. 430,2021-09-07
469,27832,30349 Fletcher Extensions Suite 777,2020-06-01
898,28047,439 Timothy Summit Suite 691,2020-05-06
846,11535,204 Mackenzie Circles Suite 634,2021-08-25
983,42812,6195 Morgan Park Suite 913,2022-09-02
115,38711,8303 Patricia Villages,2020-03-30
195,38095,930 Amanda Forest,2021-01-25
465,24226,69122 Rachel Walk Suite 871,2021-04-12
148,21080,8186 Ramirez Forest Suite 992,2022-03-01
168,2574,2945 Sharon Crossroad Suite 582,2020-05-05
901,30265,41753 Fischer Lane,2021-10-15
31,35071,2695 Mann Curve Suite 362,2021-09-27
250,26151,824 Garcia Gateway,2020-02-18
933,14537,9165 Gregory Brooks Suite 126,2021-08-05
938,48514,82595 Amy Hills,2022-04-07
278,3747,18847 Powell Place Apt. 756,2021-02-04
429,20048,9481 Justin Flat Apt. 689,2020-07-10
58,22090,929 Lambert Crossing,2022-04-09
862,5393,746 Hubbard Trail Suite 929,2022-06-09
634,39197,5315 Walker Center,2022-03-12
678,47876,730 Rebecca Path Suite 824,2021-08-23
732,36613,940 Sarah Drive Suite 915,2021-05-31
272,21018,673 Rocha Mountain,2021-11-30
496,47992,699 Jeffrey Islands Suite 440,2020-05-30
673,48804,39523 Megan Center,2020-03-20
172,25290,852 Allison Hill,2021-09-23
986,31964,45273 Michele Parkways,2022-04-14
736,22324,282 Sanchez Ways,2021-12-07
931,29365,673 Tina Crossing,2021-12-23
909,29463,964 Brandon Meadows Suite 761,2021-12-01
957,27232,195 Michael Views Apt. 204,2021-08-02
658,8480,7064 Kristin Lodge Apt. 330,2022-01-01
698,49801,2332 Bender Crescent Apt. 453,2020-10-03
346,36919,147 Reyes Islands,2021-06-20
924,1291,06068 Curry Place,2022-03-28
417,19425,85154 Thomas Junction,2020-12-02
360,27907,89916 Robertson Views Suite 368,2021-11-11
570,6683,90871 Frances Tunnel Suite 309,2020-06-11
913,48232,5109 Rubio Walks,2020-04-30
144,36514,049 Lisa Isle Suite 895,2020-09-01
225,2188,0179 Miller Viaduct,2022-05-31
693,20933,13121 Melissa Spring,2021-04-13
917,49696,3444 Lee Greens Suite 946,2020-01-01
977,32545,55968 Grace Groves Apt. 444,2021-12-21
73,42562,48312 Logan Radial,2021-10-29
11,20712,79773 Lisa Parks,2021-11-30
496,21462,99251 Dunn Common Apt. 900,2022-08-28
410,45912,277 Rogers Fort,2021-08-23
266,34473,291 Jacob Springs Apt. 223,2022-08-31
990,19518,489 Johnny Plains,2021-08-04
240,2719,80373 Sanchez Key Suite 956,2020-10-05
418,4876,3196 Turner Mountains Apt. 131,2021-06-15
577,37230,879 Cynthia Club Apt. 873,2022-08-30
451,21096,285 Holland Cape,2021-03-17
633,27209,907 Jeanne Road Apt. 314,2020-06-15
555,24181,8124 Gregory Wall Apt. 073,2022-06-15
43,36780,57206 Jeremy Square,2021-10-14
791,4446,71681 Jeffrey Dale Apt. 401,2021-05-10
696,17997,818 Jimenez Drive Suite 868,2021-12-28
333,42215,33949 Kathryn Neck Suite 078,2020-10-25
441,11882,0824 Harris Park,2020-05-24
341,21014,46801 Stephanie Dam,2022-01-01
837,38192,038 Cobb Keys,2022-04-14
75,39582,454 Nicole Inlet Suite 156,2020-01-11
924,44031,37341 Martinez Springs,2021-05-31
262,33845,74896 Lawrence Stream,2020-04-03
159,10107,1389 Virginia Landing,2020-04-06
758,7554,754 Elizabeth Way,2020-07-29
819,10744,87281 Contreras Vista,2021-08-28
552,37289,20034 Tammie Burgs,2020-04-16
389,5990,9523 Garza Bridge,2022-09-21
371,2040,6451 Elizabeth Harbor,2020-07-14
105,41529,6639 Gentry Row Suite 525,2021-01-01
481,10557,620 Jason Mount Apt. 247,2021-03-04
230,39769,199 Patty Meadow,2020-04-07
270,31079,392 Calderon Ridge Suite 895,2022-06-17
816,5333,828 Mary Circles Suite 769,2020-09-23
12,48598,7344 Hammond Summit Apt. 054,2021-12-16
290,20584,5322 Brenda Tunnel,2022-04-24
616,13094,6513 Watson Heights,2021-01-05
201,26417,272 Ortega Divide,2021-03-21
314,30204,174 Campbell Track Suite 828,2020-06-08
638,26500,01423 Sims Trace,2021-05-24
380,48663,51341 James Turnpike Apt. 223,2021-05-12
250,2765,300 Elizabeth Spur,2021-09-24
508,17917,1755 Alvarado Drives Suite 947,2022-03-03
217,34552,607 Sherman Ways Apt. 771,2022-03-27
352,30404,47619 Steven Mountains,2022-07-25
73,44683,984 Andrew Summit Apt. 213,2020-08-14
596,27142,975 Amanda Brook,2020-11-01
324,17940,1290 Bishop Drive Suite 593,2022-03-01
883,12964,209 Davis Port Suite 187,2022-02-18
170,3910,32413 Johnson Forges Suite 599,2022-09-02
937,12331,487 Erika Manors Apt. 843,2022-04-29
400,7416,815 Megan Avenue,2022-08-22
273,31453,1354 Tony Spurs,2022-03-11
742,31180,64768 Bowen Key Apt. 830,2021-01-23
822,6932,80238 Sims Points,2020-06-08
281,7144,1856 Lawrence Parkway Apt. 266,2022-05-13
825,26292,7731 Sims Harbor Suite 362,2021-06-07
171,18595,1141 Flores Oval Apt. 614,2021-10-11
924,12442,12562 Linda Crescent,2021-10-23
629,10108,337 Russell Isle,2022-04-19
186,10249,28866 Warner Cliff Apt. 599,2022-06-29
12,11443,549 Kane Pass,2020-11-27
453,35896,4896 James Throughway,2020-10-18
869,47595,495 Mitchell Village Suite 290,2020-02-11
433,26194,669 Rebecca Drive,2021-08-10
352,26995,388 Garrison Spurs Apt. 627,2021-06-03
574,27907,947 Stewart Stravenue Suite 779,2022-05-23
472,1480,784 Shannon Harbor,2020-09-27
313,12828,2241 Leach Key Apt. 272,2020-11-08
186,24626,3326 Cassie Glen,2021-10-01
885,12861,15753 Park Expressway,2021-10-25
630,37765,2483 Brian Street Suite 413,2021-05-14
556,32910,27053 Rivera Shoals,2021-07-14
631,47357,8817 Brown Springs Apt. 264,2021-10-14
174,1490,3262 Michael Lakes Suite 210,2021-12-09
713,20904,23212 Rebecca Trafficway,2022-07-08
312,24364,10335 Cole Squares Suite 063,2020-08-01
12,9556,7963 Smith Heights,2022-06-29
292,30405,91672 Hernandez Locks Suite 168,2021-11-18
930,841,21858 Kristina Isle Suite 775,2020-09-25
520,6507,76244 Williams Point Suite 775,2021-10-31
145,48152,8562 Tanya Falls,2020-11-06
222,32417,07538 Smith Freeway Suite 924,2020-04-03
882,42939,7693 Andrew Trafficway Apt. 322,2021-03-07
681,16069,1693 Watson Mews Apt. 432,2022-06-04
386,1025,808 Jackson Fort,2020-07-10
914,10910,4681 Solis Corners,2020-09-27
757,29718,18554 Deanna Points Apt. 223,2020-08-25
471,27256,4779 Alexander Knolls,2021-12-30
717,10971,1801 Scott Isle,2021-09-06
991,1516,970 Rachel Course Suite 173,2020-02-15
852,42558,604 Gregory Forge,2021-12-01
466,47979,453 Wilson Well Apt. 228,2021-12-31
165,15985,380 Robinson Prairie Apt. 897,2021-05-08
123,47135,354 Mcintosh Locks Suite 954,2022-01-10
832,28141,768 Wright Ferry Suite 541,2021-10-26
865,16870,95256 Myers Route,2022-06-30
736,14329,219 Morrison Parks,2021-10-09
498,17350,0585 Kelly Unions,2020-07-19
862,19805,36398 Shawn Canyon Apt. 234,2020-12-29
706,45473,56692 Laura Throughway,2020-05-27
63,33319,5711 Laura Mountains Apt. 275,2020-12-04
532,1973,32869 Adam Roads Apt. 714,2021-10-04
795,40545,80104 Dixon Court Suite 830,2022-06-19
883,23895,6247 Monica Crest Apt. 322,2021-10-18
339,24260,9512 Jeremy Bypass,2021-05-10
880,14990,6318 Randall Island,2021-08-27
714,40567,537 Martin Port Apt. 182,2021-10-16
872,2700,38396 Murillo Pike Suite 025,2022-02-11
949,44294,89879 Grimes Plaza,2022-05-16
132,40226,420 Ibarra Gateway Suite 570,2022-04-10
340,9824,13657 Angela Lakes Apt. 059,2022-03-02
108,22870,782 Pierce Islands,2021-02-02
589,10375,837 Jonathan Falls,2020-04-15
705,10838,63203 Beck Mall Suite 521,2020-05-10
425,16572,3911 Ashley Roads,2022-08-13
478,37637,30123 Stephens Glens Suite 642,2022-04-02
109,39594,73078 Rachel Route,2020-12-09
708,32939,483 Tony Fork Suite 016,2022-03-28
308,17040,24134 Penny Overpass Suite 456,2021-03-26
869,13924,69879 Gabrielle Centers,2022-02-05
783,23220,69661 Edward Ranch Suite 949,2022-04-26
542,24809,8648 Perez Viaduct,2020-06-12
19,9453,507 Kayla Trafficway Apt. 765,2022-02-07
868,28271,5210 Smith Ports Apt. 731,2021-08-03
35,31862,71474 Todd Landing Apt. 675,2020-11-05
211,3701,94695 Villarreal Crossing Apt. 458,2021-01-04
551,22207,05993 Bentley Pass,2020-05-02
322,904,012 Abigail Rest,2020-01-30
78,1641,8778 Sarah Shoal Suite 364,2021-01-27
402,22780,06924 Jeremy Junctions Suite 003,2022-02-23
347,1864,933 Lee Streets Apt. 466,2020-10-14
336,2297,39070 Heather Street Apt. 836,2022-06-18
810,18822,2522 Mason Locks,2020-11-14
604,24015,7134 Bell Inlet,2020-07-30
86,49242,35884 Schwartz Lodge Apt. 977,2022-07-29
206,22267,8527 Blake Views Apt. 820,2021-09-02
132,7928,1959 Elizabeth Corners Apt. 464,2020-04-12
177,20750,0289 Janet Knoll,2021-04-03
690,15086,447 Thompson Lodge Suite 026,2021-10-25
588,39136,618 Barr Station Apt. 580,2020-03-11
695,31358,614 Adam Hill,2021-08-10
126,15507,79415 Tiffany Path Apt. 771,2020-01-03
622,35120,11080 Hall Mountain Suite 943,2020-12-28
922,28892,8231 Williams Locks Apt. 828,2021-12-05
90,46663,863 William Creek Apt. 516,2022-02-21
532,9061,38422 Dean Knolls,2020-03-25
279,35019,1368 Tony Pine Apt. 751,2020-02-24
393,42167,632 Breanna Motorway,2022-08-27
970,9603,82519 Erica Cape,2021-04-27
851,5047,5492 Sarah Place,2022-06-29
516,15426,825 Jackson Rapids,2020-03-02
255,23700,40199 Jeremy Brooks Apt. 152,2022-04-28
155,23956,361 Moss Forges,2021-11-27
286,11756,026 Ayala Isle Suite 003,2022-03-31
474,36406,09578 Tyler Ridges,2020-05-27
667,40344,64257 Nicole Prairie Apt. 856,2020-07-27
830,27223,94156 Bailey Trafficway Apt. 337,2020-12-02
668,2289,047 Clarke Stravenue Apt. 066,2022-09-05
696,17901,46461 Jones Via Suite 760,2021-08-23
34,11972,29593 Hailey Overpass Suite 563,2020-03-15
530,14817,81195 Faith Courts,2020-05-09
561,5936,78934 Eric Bridge,2021-11-13
540,45907,31160 Nathaniel Road Apt. 832,2021-08-11
771,43946,1507 Patricia Canyon Apt. 227,2020-09-27
973,11893,1215 Jackson Burg,2020-03-13
243,46931,799 Cummings Coves,2020-01-09
345,38833,988 Brittany Corners Suite 449,2021-04-02
669,4104,2323 Ward Branch Apt. 035,2021-10-02
202,46407,201 Blake Ports,2020-12-09
987,28200,0652 Sonya Mount Suite 580,2020-07-26
139,17657,449 Jenkins Mount,2022-08-08
786,29062,3399 Willis Alley,2022-07-13
283,25484,06528 Flores Roads,2021-09-27
841,24035,35860 Donald Throughway,2022-06-09
539,333,1326 Kent Burg,2020-04-12
347,22858,785 Daniel Station Suite 230,2021-03-07
609,35515,111 Casey Burgs,2020-04-23
840,45550,174 Pham Mountain,2020-06-28
6,12846,30415 Hampton Knolls,2021-07-28
914,19686,949 Jennifer Forges,2021-08-09
920,2166,2690 Franklin Field Apt. 816,2020-08-26
341,32574,0369 Jordan Center,2022-05-08
556,36316,9252 Weber Stream,2022-05-11
960,36909,38963 Robert Crescent Apt. 507,2021-04-29
619,14753,259 Berg Valleys Suite 853,2022-09-04
694,22045,887 Ellen Path Suite 101,2020-09-10
358,12098,130 Finley Coves Apt. 177,2021-12-03
463,32532,533 Diaz Islands,2020-02-10
719,31742,98888 Stone Plaza,2022-02-25
430,11008,885 Brian Tunnel,2020-12-29
299,20568,343 Macias Coves Apt. 978,2022-01-25
934,33092,9660 Steven Harbor,2022-01-05
600,30228,844 Roman Fall,2020-11-26
101,15741,434 Anderson Circles,2021-10-12
580,43541,906 Hale Lakes,2021-10-30
263,28662,29418 Esparza Drive Suite 806,2022-05-30
721,1798,0162 Charles Stravenue,2021-10-03
927,35856,59123 Jordan Heights,2021-04-08
187,10144,822 Stout Cliff Suite 727,2020-04-21
979,15612,674 Simmons Oval,2022-05-05
709,47961,6204 Steven Rapid Apt. 293,2021-05-24
469,40208,35481 Green Harbor Suite 537,2022-04-09
173,19611,32189 Johnson Way,2022-08-11
953,23649,28027 Pena Pike Apt. 013,2021-01-08
493,3463,41430 Shaw Knoll,2020-02-05
70,15438,49884 Wilson Shoal,2022-08-22
488,2986,34496 Steven Parkway Apt. 639,2021-01-27
534,19392,410 Glenn Neck,2021-06-11
583,20070,66633 Reginald Path Apt. 439,2021-11-22
489,6446,774 Jennifer Ranch,2021-09-15
585,18882,65894 Kristin Avenue,2020-05-25
402,30434,98783 Carter Lodge,2022-06-15
24,22080,622 Amanda Canyon Suite 201,2021-02-24
931,47518,9190 Griffin Trail Suite 099,2022-08-03
681,2339,9854 Felicia Corners,2020-12-19
226,11539,129 Dyer Roads Apt. 302,2021-07-31
303,26200,8945 Smith Land Suite 488,2021-01-30
126,6454,044 Peggy Fork Suite 468,2020-11-04
997,22696,376 Valencia Junction,2022-07-01
736,36324,25834 Scott Mill,2020-02-21
536,49594,50451 Stephanie Parks Suite 356,2022-07-13
361,20600,649 Lisa Shore Apt. 679,2021-04-30
810,33924,474 Perez Centers Suite 267,2022-05-15
522,30645,44427 Anthony Isle Suite 375,2021-12-28
859,7661,7932 Carter Parkway,2021-03-09
950,26419,5002 Mclean Valley,2020-08-18
367,47152,99666 Trevor Estate Apt. 232,2022-09-21
40,41300,356 Bryant Canyon Suite 866,2020-11-18
555,33572,3194 Reginald Camp Suite 276,2020-08-08
189,6057,67177 King Mountain Apt. 565,2022-04-19
855,43284,4862 Michelle Fork,2021-04-26
908,4924,881 Kaiser Shores,2022-07-14
61,42442,36633 Mcdonald Mills,2021-10-07
422,19199,25242 Eric Plaza Apt. 095,2022-01-23
146,48548,6184 Adams Gardens Apt. 657,2022-08-14
773,41152,02691 Medina Bridge Apt. 625,2020-06-21
787,3606,346 Elizabeth Vista,2020-09-02
935,35136,86363 Kelsey Lock Suite 630,2021-08-07
92,14523,0281 Jennifer Haven,2021-10-22
414,37900,7118 Darlene Union,2022-08-30
15,197,3547 Thompson Pine Apt. 391,2020-04-06
345,42931,963 Chad Fields Apt. 971,2020-12-14
968,4495,361 Angela Street,2021-03-01
711,46789,590 Bass Rue Suite 178,2021-02-14
361,5815,53761 Carson Circle Apt. 630,2020-08-29
948,30445,1743 Jones Hollow Apt. 459,2021-08-22
943,33789,5550 Weiss Inlet,2020-05-04
153,5101,127 Ashley Courts Suite 992,2021-01-20
236,46378,639 Fitzgerald Flats,2021-04-11
456,33729,18220 White Curve Suite 153,2021-06-19
53,35285,66576 Russell Gardens,2020-06-21
551,11659,8792 Laura Way,2022-04-05
514,23960,21423 Perez Landing Suite 502,2022-06-08
317,13501,5460 Parsons Gateway Suite 012,2020-12-14
44,5127,4669 Jessica Walk,2021-04-23
27,6320,376 Karen Shoals,2020-11-20
458,2341,08808 Brittney Branch,2020-03-26
309,5355,910 Tina Greens Suite 220,2021-04-27
78,21345,5943 Barnes Plaza Apt. 325,2021-01-12
160,1957,315 Gutierrez Mountain Suite 980,2022-08-12
571,18347,7473 Wolf Island,2021-01-03
892,36588,90932 Vincent Forest Apt. 788,2021-12-28
421,28969,53070 Oneill Ports Apt. 933,2020-09-17
996,26034,1178 Brian Junction,2020-03-24
764,33078,594 Marks Forks Suite 293,2021-03-28
880,4961,7744 Monique Orchard Apt. 790,2021-07-05
933,6689,88854 Joshua Mountains Suite 160,2020-08-30
780,3756,13188 Meagan Plains Apt. 645,2021-02-03
875,21905,437 Kristin Ridges Suite 993,2021-10-27
291,24879,08345 Gamble Cliff Apt. 268,2021-11-17
109,46172,151 Smith Forges,2022-08-02
101,14049,342 Compton Garden,2020-03-03
935,1718,369 Tammy Courts Suite 479,2022-04-08
151,40643,9053 Kimberly Gardens Suite 973,2021-12-22
102,23339,8877 Mary Ramp,2021-03-10
682,48869,045 William Road Suite 176,2020-09-21
243,44414,48991 Wilson Tunnel,2021-01-24
231,20540,44102 Jones Parkways Apt. 174,2020-07-27
969,30930,119 Clark Canyon,2021-06-18
11,34888,929 Herrera Circle,2021-08-16
336,28835,8833 Romero Brooks,2020-08-09
381,39424,641 Lee Estate Suite 537,2022-05-04
523,32474,10867 Richards Mountains Suite 242,2022-03-29
882,13194,487 Mike Street,2022-09-15
329,13617,1549 Harris Walks Apt. 261,2021-02-13
832,47990,70282 Jennifer Light Suite 503,2022-03-15
930,149,184 Kimberly Fields Apt. 298,2022-01-29
317,18947,6605 Morgan Hill Apt. 235,2021-12-07
259,2248,754 Jones Court Suite 897,2021-10-07
650,30376,36425 Phillips Inlet,2021-05-21
688,44895,88552 Joseph Meadow,2020-07-17
434,15734,6296 Morrow Burg,2022-02-14
523,18113,2310 Dennis Ranch,2021-04-27
415,24146,41051 Kathy Ford Apt. 221,2020-03-18
218,29854,676 James Drives Suite 883,2022-07-22
3,18914,369 Courtney Stravenue,2021-04-06
519,26444,87628 Williams Junction,2020-03-24
829,33417,2424 Dominguez Way Suite 238,2022-04-08
456,13875,76345 Ellis Ports Apt. 985,2022-04-25
997,6573,9887 Corey Valley Apt. 181,2020-03-19
508,30452,1305 Carter Camp Apt. 087,2020-06-23
695,35505,12603 Sparks Falls,2021-10-14
568,21527,95255 Samantha Mills Suite 547,2020-03-27
157,34408,375 Tran Plaza Apt. 792,2020-02-18
462,48288,1142 Dixon Summit Apt. 953,2020-08-31
49,47015,583 Phyllis Grove,2021-06-15
136,33056,31748 Mack Village Apt. 520,2020-09-07
921,9904,79157 Crystal Mount Apt. 989,2021-03-09
388,24551,3722 Adrian Light,2020-04-30
286,34622,541 Knox Stravenue,2021-11-27
431,18036,116 Tyler Mill,2022-02-22
290,1725,2404 Gomez Circle,2020-03-07
251,38149,2533 Stephenson Roads,2021-05-12
246,16494,8921 Jose Knoll,2020-11-17
540,10998,3355 Howard Mill Apt. 908,2021-07-29
893,6360,56630 Butler Forge,2022-07-31
650,13988,09886 Kyle Freeway,2022-07-18
855,15325,7862 Charles Ridges Suite 366,2020-01-07
159,23788,70636 Simpson Trafficway Suite 952,2020-09-16
441,28732,5800 Elizabeth Plaza,2020-06-14
58,10522,551 Daniel Land Suite 679,2021-01-04
685,13323,6003 Mason Vista Apt. 694,2021-06-18
61,48034,218 John Port,2022-05-02
336,29621,70899 Elizabeth Plains,2021-10-03
814,17598,2027 Schultz Mall,2020-01-14
753,13174,04458 Katie Manor Suite 531,2020-12-16
899,11349,73004 Stone Street Apt. 422,2020-11-29
374,8613,640 Jones Corner,2020-03-31
192,986,32062 James River Apt. 431,2021-01-27
496,34306,3854 Brown Squares Suite 370,2020-09-15
925,39208,2684 Michelle Light Suite 317,2020-06-02
878,40038,529 Ricardo Pine Suite 236,2022-01-26
412,11826,31960 Owens Spring,2021-10-16
694,36490,629 Weaver Cliff,2022-02-04
161,40351,53563 Patrick Forks,2021-06-22
247,26876,41794 Anthony Junction Apt. 867,2022-07-28
468,28600,29749 Hansen Path,2022-07-14
208,11114,20957 Robinson Streets,2022-08-15
428,10762,1041 Hanna Inlet,2020-04-12
269,11870,36138 Berry Locks,2022-08-09
15,43221,03472 Edwards Fork,2021-08-25
368,30208,67366 Rowe Stravenue Apt. 634,2020-10-16
626,49975,02028 Rivera Place Suite 135,2022-08-30
834,546,9180 Sean Via Suite 783,2021-04-07
